Local Time,Usage_15min
2025-Jul-01 00:15:00.000,36
2025-Jul-01 00:30:00.000,37
2025-Jul-01 00:45:00.000,25
2025-Jul-01 01:00:00.000,38
2025-Jul-01 01:15:00.000,38
2025-Jul-01 01:30:00.000,38
2025-Jul-01 01:45:00.000,38
2025-Jul-01 02:00:00.000,37
2025-Jul-01 02:15:00.000,38
2025-Jul-01 02:30:00.000,38
2025-Jul-01 02:45:00.000,38
2025-Jul-01 03:00:00.000,38
2025-Jul-01 03:15:00.000,38
2025-Jul-01 03:30:00.000,38
2025-Jul-01 03:45:00.000,38
2025-Jul-01 04:00:00.000,37
2025-Jul-01 04:15:00.000,38
2025-Jul-01 04:30:00.000,38
2025-Jul-01 04:45:00.000,38
2025-Jul-01 05:00:00.000,38
2025-Jul-01 05:15:00.000,38
2025-Jul-01 05:30:00.000,38
2025-Jul-01 05:45:00.000,37
2025-Jul-01 06:00:00.000,37
2025-Jul-01 06:15:00.000,37
2025-Jul-01 06:30:00.000,40
2025-Jul-01 06:45:00.000,39
2025-Jul-01 07:00:00.000,39
2025-Jul-01 07:15:00.000,40
2025-Jul-01 07:30:00.000,39
2025-Jul-01 07:45:00.000,40
2025-Jul-01 08:00:00.000,41
2025-Jul-01 08:15:00.000,43
2025-Jul-01 08:30:00.000,42
2025-Jul-01 08:45:00.000,44
2025-Jul-01 09:00:00.000,46
2025-Jul-01 09:15:00.000,47
2025-Jul-01 09:30:00.000,47
2025-Jul-01 09:45:00.000,49
2025-Jul-01 10:00:00.000,51
2025-Jul-01 10:15:00.000,50
2025-Jul-01 10:30:00.000,48
2025-Jul-01 10:45:00.000,52
2025-Jul-01 11:00:00.000,51
2025-Jul-01 11:15:00.000,52
2025-Jul-01 11:30:00.000,35
2025-Jul-01 11:45:00.000,52
2025-Jul-01 12:00:00.000,53
2025-Jul-01 12:15:00.000,52
2025-Jul-01 12:30:00.000,50
2025-Jul-01 12:45:00.000,47
2025-Jul-01 13:00:00.000,47
2025-Jul-01 13:15:00.000,47
2025-Jul-01 13:30:00.000,49
2025-Jul-01 13:45:00.000,50
2025-Jul-01 14:00:00.000,49
2025-Jul-01 14:15:00.000,49
2025-Jul-01 14:30:00.000,48
2025-Jul-01 14:45:00.000,49
2025-Jul-01 15:00:00.000,47
2025-Jul-01 15:15:00.000,49
2025-Jul-01 15:30:00.000,47
2025-Jul-01 15:45:00.000,49
2025-Jul-01 16:00:00.000,48
2025-Jul-01 16:15:00.000,48
2025-Jul-01 16:30:00.000,46
2025-Jul-01 16:45:00.000,46
2025-Jul-01 17:00:00.000,47
2025-Jul-01 17:15:00.000,45
2025-Jul-01 17:30:00.000,45
2025-Jul-01 17:45:00.000,45
2025-Jul-01 18:00:00.000,46
2025-Jul-01 18:15:00.000,47
2025-Jul-01 18:30:00.000,46
2025-Jul-01 18:45:00.000,44
2025-Jul-01 19:00:00.000,44
2025-Jul-01 19:15:00.000,42
2025-Jul-01 19:30:00.000,41
2025-Jul-01 19:45:00.000,42
2025-Jul-01 20:00:00.000,40
2025-Jul-01 20:15:00.000,40
2025-Jul-01 20:30:00.000,40
2025-Jul-01 20:45:00.000,39
2025-Jul-01 21:00:00.000,40
2025-Jul-01 21:15:00.000,40
2025-Jul-01 21:30:00.000,40
2025-Jul-01 21:45:00.000,27
2025-Jul-01 22:00:00.000,38
2025-Jul-01 22:15:00.000,39
2025-Jul-01 22:30:00.000,39
2025-Jul-01 22:45:00.000,38
2025-Jul-01 23:00:00.000,38
2025-Jul-01 23:15:00.000,37
2025-Jul-01 23:30:00.000,39
2025-Jul-01 23:45:00.000,39
2025-Jul-02 00:00:00.000,38
2025-Jul-02 00:15:00.000,38
2025-Jul-02 00:30:00.000,38
2025-Jul-02 00:45:00.000,37
2025-Jul-02 01:00:00.000,37
2025-Jul-02 01:15:00.000,37
2025-Jul-02 01:30:00.000,37
2025-Jul-02 01:45:00.000,37
2025-Jul-02 02:00:00.000,37
2025-Jul-02 02:15:00.000,36
2025-Jul-02 02:30:00.000,37
2025-Jul-02 02:45:00.000,38
2025-Jul-02 03:00:00.000,36
2025-Jul-02 03:15:00.000,37
2025-Jul-02 03:30:00.000,36
2025-Jul-02 03:45:00.000,36
2025-Jul-02 04:00:00.000,37
2025-Jul-02 04:15:00.000,36
2025-Jul-02 04:30:00.000,37
2025-Jul-02 04:45:00.000,36
2025-Jul-02 05:00:00.000,37
2025-Jul-02 05:15:00.000,37
2025-Jul-02 05:30:00.000,35
2025-Jul-02 05:45:00.000,37
2025-Jul-02 06:00:00.000,36
2025-Jul-02 06:15:00.000,37
2025-Jul-02 06:30:00.000,38
2025-Jul-02 06:45:00.000,39
2025-Jul-02 07:00:00.000,26
2025-Jul-02 07:15:00.000,38
2025-Jul-02 07:30:00.000,40
2025-Jul-02 07:45:00.000,40
2025-Jul-02 08:00:00.000,40
2025-Jul-02 08:15:00.000,40
2025-Jul-02 08:30:00.000,40
2025-Jul-02 08:45:00.000,42
2025-Jul-02 09:00:00.000,42
2025-Jul-02 09:15:00.000,43
2025-Jul-02 09:30:00.000,42
2025-Jul-02 09:45:00.000,43
2025-Jul-02 10:00:00.000,44
2025-Jul-02 10:15:00.000,43
2025-Jul-02 10:30:00.000,43
2025-Jul-02 10:45:00.000,42
2025-Jul-02 11:00:00.000,41
2025-Jul-02 11:15:00.000,43
2025-Jul-02 11:30:00.000,44
2025-Jul-02 11:45:00.000,45
2025-Jul-02 12:00:00.000,45
2025-Jul-02 12:15:00.000,45
2025-Jul-02 12:30:00.000,44
2025-Jul-02 12:45:00.000,45
2025-Jul-02 13:00:00.000,44
2025-Jul-02 13:15:00.000,45
2025-Jul-02 13:30:00.000,44
2025-Jul-02 13:45:00.000,48
2025-Jul-02 14:00:00.000,52
2025-Jul-02 14:15:00.000,52
2025-Jul-02 14:30:00.000,50
2025-Jul-02 14:45:00.000,50
2025-Jul-02 15:00:00.000,50
2025-Jul-02 15:15:00.000,52
2025-Jul-02 15:30:00.000,52
2025-Jul-02 15:45:00.000,52
2025-Jul-02 16:00:00.000,51
2025-Jul-02 16:15:00.000,50
2025-Jul-02 16:30:00.000,50
2025-Jul-02 16:45:00.000,49
2025-Jul-02 17:00:00.000,48
2025-Jul-02 17:15:00.000,33
2025-Jul-02 17:30:00.000,49
2025-Jul-02 17:45:00.000,48
2025-Jul-02 18:00:00.000,47
2025-Jul-02 18:15:00.000,46
2025-Jul-02 18:30:00.000,48
2025-Jul-02 18:45:00.000,47
2025-Jul-02 19:00:00.000,47
2025-Jul-02 19:15:00.000,47
2025-Jul-02 19:30:00.000,45
2025-Jul-02 19:45:00.000,44
2025-Jul-02 20:00:00.000,44
2025-Jul-02 20:15:00.000,44
2025-Jul-02 20:30:00.000,43
2025-Jul-02 20:45:00.000,42
2025-Jul-02 21:00:00.000,43
2025-Jul-02 21:15:00.000,41
2025-Jul-02 21:30:00.000,42
2025-Jul-02 21:45:00.000,41
2025-Jul-02 22:00:00.000,42
2025-Jul-02 22:15:00.000,40
2025-Jul-02 22:30:00.000,41
2025-Jul-02 22:45:00.000,39
2025-Jul-02 23:00:00.000,41
2025-Jul-02 23:15:00.000,40
2025-Jul-02 23:30:00.000,39
2025-Jul-02 23:45:00.000,38
2025-Jul-03 00:00:00.000,39
2025-Jul-03 00:15:00.000,37
2025-Jul-03 00:30:00.000,40
2025-Jul-03 00:45:00.000,40
2025-Jul-03 01:00:00.000,38
2025-Jul-03 01:15:00.000,40
2025-Jul-03 01:30:00.000,39
2025-Jul-03 01:45:00.000,39
2025-Jul-03 02:00:00.000,39
2025-Jul-03 02:15:00.000,39
2025-Jul-03 02:30:00.000,39
2025-Jul-03 02:45:00.000,38
2025-Jul-03 03:00:00.000,25
2025-Jul-03 03:15:00.000,39
2025-Jul-03 03:30:00.000,37
2025-Jul-03 03:45:00.000,38
2025-Jul-03 04:00:00.000,39
2025-Jul-03 04:15:00.000,39
2025-Jul-03 04:30:00.000,38
2025-Jul-03 04:45:00.000,38
2025-Jul-03 05:00:00.000,37
2025-Jul-03 05:15:00.000,37
2025-Jul-03 05:30:00.000,37
2025-Jul-03 05:45:00.000,36
2025-Jul-03 06:00:00.000,37
2025-Jul-03 06:15:00.000,38
2025-Jul-03 06:30:00.000,38
2025-Jul-03 06:45:00.000,37
2025-Jul-03 07:00:00.000,39
2025-Jul-03 07:15:00.000,37
2025-Jul-03 07:30:00.000,38
2025-Jul-03 07:45:00.000,38
2025-Jul-03 08:00:00.000,39
2025-Jul-03 08:15:00.000,40
2025-Jul-03 08:30:00.000,40
2025-Jul-03 08:45:00.000,40
2025-Jul-03 09:00:00.000,40
2025-Jul-03 09:15:00.000,39
2025-Jul-03 09:30:00.000,41
2025-Jul-03 09:45:00.000,40
2025-Jul-03 10:00:00.000,40
2025-Jul-03 10:15:00.000,39
2025-Jul-03 10:30:00.000,39
2025-Jul-03 10:45:00.000,40
2025-Jul-03 11:00:00.000,40
2025-Jul-03 11:15:00.000,38
2025-Jul-03 11:30:00.000,39
2025-Jul-03 11:45:00.000,40
2025-Jul-03 12:00:00.000,40
2025-Jul-03 12:15:00.000,40
2025-Jul-03 12:30:00.000,39
2025-Jul-03 12:45:00.000,40
2025-Jul-03 13:00:00.000,40
2025-Jul-03 13:15:00.000,39
2025-Jul-03 13:30:00.000,27
2025-Jul-03 13:45:00.000,38
2025-Jul-03 14:00:00.000,39
2025-Jul-03 14:15:00.000,39
2025-Jul-03 14:30:00.000,39
2025-Jul-03 14:45:00.000,41
2025-Jul-03 15:00:00.000,39
2025-Jul-03 15:15:00.000,39
2025-Jul-03 15:30:00.000,39
2025-Jul-03 15:45:00.000,40
2025-Jul-03 16:00:00.000,42
2025-Jul-03 16:15:00.000,41
2025-Jul-03 16:30:00.000,42
2025-Jul-03 16:45:00.000,43
2025-Jul-03 17:00:00.000,40
2025-Jul-03 17:15:00.000,42
2025-Jul-03 17:30:00.000,41
2025-Jul-03 17:45:00.000,41
2025-Jul-03 18:00:00.000,40
2025-Jul-03 18:15:00.000,41
2025-Jul-03 18:30:00.000,40
2025-Jul-03 18:45:00.000,38
2025-Jul-03 19:00:00.000,37
2025-Jul-03 19:15:00.000,35
2025-Jul-03 19:30:00.000,34
2025-Jul-03 19:45:00.000,35
2025-Jul-03 20:00:00.000,36
2025-Jul-03 20:15:00.000,34
2025-Jul-03 20:30:00.000,34
2025-Jul-03 20:45:00.000,35
2025-Jul-03 21:00:00.000,34
2025-Jul-03 21:15:00.000,36
2025-Jul-03 21:30:00.000,35
2025-Jul-03 21:45:00.000,35
2025-Jul-03 22:00:00.000,36
2025-Jul-03 22:15:00.000,35
2025-Jul-03 22:30:00.000,23
2025-Jul-03 22:45:00.000,36
2025-Jul-03 23:00:00.000,35
2025-Jul-03 23:15:00.000,36
2025-Jul-03 23:30:00.000,35
2025-Jul-03 23:45:00.000,36
2025-Jul-04 00:00:00.000,34
2025-Jul-04 00:15:00.000,35
2025-Jul-04 00:30:00.000,35
2025-Jul-04 00:45:00.000,34
2025-Jul-04 01:00:00.000,35
2025-Jul-04 01:15:00.000,35
2025-Jul-04 01:30:00.000,34
2025-Jul-04 01:45:00.000,34
2025-Jul-04 02:00:00.000,34
2025-Jul-04 02:15:00.000,35
2025-Jul-04 02:30:00.000,36
2025-Jul-04 02:45:00.000,35
2025-Jul-04 03:00:00.000,35
2025-Jul-04 03:15:00.000,34
2025-Jul-04 03:30:00.000,35
2025-Jul-04 03:45:00.000,34
2025-Jul-04 04:00:00.000,35
2025-Jul-04 04:15:00.000,34
2025-Jul-04 04:30:00.000,34
2025-Jul-04 04:45:00.000,33
2025-Jul-04 05:00:00.000,33
2025-Jul-04 05:15:00.000,32
2025-Jul-04 05:30:00.000,33
2025-Jul-04 05:45:00.000,32
2025-Jul-04 06:00:00.000,33
2025-Jul-04 06:15:00.000,32
2025-Jul-04 06:30:00.000,34
2025-Jul-04 06:45:00.000,35
2025-Jul-04 07:00:00.000,33
2025-Jul-04 07:15:00.000,35
2025-Jul-04 07:30:00.000,35
2025-Jul-04 07:45:00.000,23
2025-Jul-04 08:00:00.000,35
2025-Jul-04 08:15:00.000,37
2025-Jul-04 08:30:00.000,35
2025-Jul-04 08:45:00.000,36
2025-Jul-04 09:00:00.000,36
2025-Jul-04 09:15:00.000,37
2025-Jul-04 09:30:00.000,36
2025-Jul-04 09:45:00.000,37
2025-Jul-04 10:00:00.000,36
2025-Jul-04 10:15:00.000,35
2025-Jul-04 10:30:00.000,35
2025-Jul-04 10:45:00.000,36
2025-Jul-04 11:00:00.000,36
2025-Jul-04 11:15:00.000,36
2025-Jul-04 11:30:00.000,35
2025-Jul-04 11:45:00.000,37
2025-Jul-04 12:00:00.000,39
2025-Jul-04 12:15:00.000,38
2025-Jul-04 12:30:00.000,39
2025-Jul-04 12:45:00.000,37
2025-Jul-04 13:00:00.000,37
2025-Jul-04 13:15:00.000,38
2025-Jul-04 13:30:00.000,40
2025-Jul-04 13:45:00.000,39
2025-Jul-04 14:00:00.000,39
2025-Jul-04 14:15:00.000,40
2025-Jul-04 14:30:00.000,41
2025-Jul-04 14:45:00.000,42
2025-Jul-04 15:00:00.000,42
2025-Jul-04 15:15:00.000,41
2025-Jul-04 15:30:00.000,40
2025-Jul-04 15:45:00.000,42
2025-Jul-04 16:00:00.000,41
2025-Jul-04 16:15:00.000,42
2025-Jul-04 16:30:00.000,43
2025-Jul-04 16:45:00.000,43
2025-Jul-04 17:00:00.000,28
2025-Jul-04 17:15:00.000,42
2025-Jul-04 17:30:00.000,41
2025-Jul-04 17:45:00.000,40
2025-Jul-04 18:00:00.000,39
2025-Jul-04 18:15:00.000,39
2025-Jul-04 18:30:00.000,37
2025-Jul-04 18:45:00.000,37
2025-Jul-04 19:00:00.000,38
2025-Jul-04 19:15:00.000,37
2025-Jul-04 19:30:00.000,36
2025-Jul-04 19:45:00.000,35
2025-Jul-04 20:00:00.000,35
2025-Jul-04 20:15:00.000,34
2025-Jul-04 20:30:00.000,34
2025-Jul-04 20:45:00.000,34
2025-Jul-04 21:00:00.000,34
2025-Jul-04 21:15:00.000,35
2025-Jul-04 21:30:00.000,35
2025-Jul-04 21:45:00.000,34
2025-Jul-04 22:00:00.000,34
2025-Jul-04 22:15:00.000,35
2025-Jul-04 22:30:00.000,36
2025-Jul-04 22:45:00.000,35
2025-Jul-04 23:00:00.000,35
2025-Jul-04 23:15:00.000,35
2025-Jul-04 23:30:00.000,36
2025-Jul-04 23:45:00.000,35
2025-Jul-05 00:00:00.000,35
2025-Jul-05 00:15:00.000,35
2025-Jul-05 00:30:00.000,35
2025-Jul-05 00:45:00.000,35
2025-Jul-05 01:00:00.000,35
2025-Jul-05 01:15:00.000,35
2025-Jul-05 01:30:00.000,34
2025-Jul-05 01:45:00.000,35
2025-Jul-05 02:00:00.000,24
2025-Jul-05 02:15:00.000,35
2025-Jul-05 02:30:00.000,35
2025-Jul-05 02:45:00.000,35
2025-Jul-05 03:00:00.000,35
2025-Jul-05 03:15:00.000,34
2025-Jul-05 03:30:00.000,35
2025-Jul-05 03:45:00.000,34
2025-Jul-05 04:00:00.000,35
2025-Jul-05 04:15:00.000,35
2025-Jul-05 04:30:00.000,34
2025-Jul-05 04:45:00.000,36
2025-Jul-05 05:00:00.000,34
2025-Jul-05 05:15:00.000,35
2025-Jul-05 05:30:00.000,34
2025-Jul-05 05:45:00.000,35
2025-Jul-05 06:00:00.000,34
2025-Jul-05 06:15:00.000,35
2025-Jul-05 06:30:00.000,36
2025-Jul-05 06:45:00.000,36
2025-Jul-05 07:00:00.000,36
2025-Jul-05 07:15:00.000,35
2025-Jul-05 07:30:00.000,36
2025-Jul-05 07:45:00.000,37
2025-Jul-05 08:00:00.000,37
2025-Jul-05 08:15:00.000,39
2025-Jul-05 08:30:00.000,37
2025-Jul-05 08:45:00.000,39
2025-Jul-05 09:00:00.000,38
2025-Jul-05 09:15:00.000,38
2025-Jul-05 09:30:00.000,38
2025-Jul-05 09:45:00.000,39
2025-Jul-05 10:00:00.000,38
2025-Jul-05 10:15:00.000,38
2025-Jul-05 10:30:00.000,38
2025-Jul-05 10:45:00.000,37
2025-Jul-05 11:00:00.000,37
2025-Jul-05 11:15:00.000,25
2025-Jul-05 11:30:00.000,37
2025-Jul-05 11:45:00.000,38
2025-Jul-05 12:00:00.000,39
2025-Jul-05 12:15:00.000,38
2025-Jul-05 12:30:00.000,37
2025-Jul-05 12:45:00.000,37
2025-Jul-05 13:00:00.000,37
2025-Jul-05 13:15:00.000,38
2025-Jul-05 13:30:00.000,37
2025-Jul-05 13:45:00.000,37
2025-Jul-05 14:00:00.000,36
2025-Jul-05 14:15:00.000,37
2025-Jul-05 14:30:00.000,37
2025-Jul-05 14:45:00.000,37
2025-Jul-05 15:00:00.000,38
2025-Jul-05 15:15:00.000,37
2025-Jul-05 15:30:00.000,37
2025-Jul-05 15:45:00.000,38
2025-Jul-05 16:00:00.000,38
2025-Jul-05 16:15:00.000,39
2025-Jul-05 16:30:00.000,37
2025-Jul-05 16:45:00.000,37
2025-Jul-05 17:00:00.000,37
2025-Jul-05 17:15:00.000,37
2025-Jul-05 17:30:00.000,36
2025-Jul-05 17:45:00.000,36
2025-Jul-05 18:00:00.000,35
2025-Jul-05 18:15:00.000,35
2025-Jul-05 18:30:00.000,34
2025-Jul-05 18:45:00.000,35
2025-Jul-05 19:00:00.000,34
2025-Jul-05 19:15:00.000,35
2025-Jul-05 19:30:00.000,35
2025-Jul-05 19:45:00.000,23
2025-Jul-05 20:00:00.000,35
2025-Jul-05 20:15:00.000,35
2025-Jul-05 20:30:00.000,35
2025-Jul-05 20:45:00.000,33
2025-Jul-05 21:00:00.000,34
2025-Jul-05 21:15:00.000,34
2025-Jul-05 21:30:00.000,35
2025-Jul-05 21:45:00.000,35
2025-Jul-05 22:00:00.000,35
2025-Jul-05 22:15:00.000,34
2025-Jul-05 22:30:00.000,34
2025-Jul-05 22:45:00.000,34
2025-Jul-05 23:00:00.000,34
2025-Jul-05 23:15:00.000,33
2025-Jul-05 23:30:00.000,33
2025-Jul-05 23:45:00.000,34
2025-Jul-06 00:00:00.000,33
2025-Jul-06 00:15:00.000,34
2025-Jul-06 00:30:00.000,34
2025-Jul-06 00:45:00.000,35
2025-Jul-06 01:00:00.000,35
2025-Jul-06 01:15:00.000,34
2025-Jul-06 01:30:00.000,35
2025-Jul-06 01:45:00.000,35
2025-Jul-06 02:00:00.000,34
2025-Jul-06 02:15:00.000,35
2025-Jul-06 02:30:00.000,35
2025-Jul-06 02:45:00.000,36
2025-Jul-06 03:00:00.000,35
2025-Jul-06 03:15:00.000,34
2025-Jul-06 03:30:00.000,35
2025-Jul-06 03:45:00.000,35
2025-Jul-06 04:00:00.000,35
2025-Jul-06 04:15:00.000,23
2025-Jul-06 04:30:00.000,35
2025-Jul-06 04:45:00.000,34
2025-Jul-06 05:00:00.000,34
2025-Jul-06 05:15:00.000,34
2025-Jul-06 05:30:00.000,35
2025-Jul-06 05:45:00.000,34
2025-Jul-06 06:00:00.000,34
2025-Jul-06 06:15:00.000,34
2025-Jul-06 06:30:00.000,35
2025-Jul-06 06:45:00.000,35
2025-Jul-06 07:00:00.000,34
2025-Jul-06 07:15:00.000,34
2025-Jul-06 07:30:00.000,35
2025-Jul-06 07:45:00.000,35
2025-Jul-06 08:00:00.000,35
2025-Jul-06 08:15:00.000,35
2025-Jul-06 08:30:00.000,35
2025-Jul-06 08:45:00.000,36
2025-Jul-06 09:00:00.000,32
2025-Jul-06 09:15:00.000,34
2025-Jul-06 09:30:00.000,35
2025-Jul-06 09:45:00.000,36
2025-Jul-06 10:00:00.000,36
2025-Jul-06 10:15:00.000,36
2025-Jul-06 10:30:00.000,36
2025-Jul-06 10:45:00.000,35
2025-Jul-06 11:00:00.000,36
2025-Jul-06 11:15:00.000,38
2025-Jul-06 11:30:00.000,36
2025-Jul-06 11:45:00.000,37
2025-Jul-06 12:00:00.000,37
2025-Jul-06 12:15:00.000,37
2025-Jul-06 12:30:00.000,37
2025-Jul-06 12:45:00.000,26
2025-Jul-06 13:00:00.000,38
2025-Jul-06 13:15:00.000,40
2025-Jul-06 13:30:00.000,40
2025-Jul-06 13:45:00.000,40
2025-Jul-06 14:00:00.000,39
2025-Jul-06 14:15:00.000,39
2025-Jul-06 14:30:00.000,41
2025-Jul-06 14:45:00.000,41
2025-Jul-06 15:00:00.000,42
2025-Jul-06 15:15:00.000,43
2025-Jul-06 15:30:00.000,42
2025-Jul-06 15:45:00.000,44
2025-Jul-06 16:00:00.000,44
2025-Jul-06 16:15:00.000,43
2025-Jul-06 16:30:00.000,44
2025-Jul-06 16:45:00.000,43
2025-Jul-06 17:00:00.000,43
2025-Jul-06 17:15:00.000,43
2025-Jul-06 17:30:00.000,43
2025-Jul-06 17:45:00.000,42
2025-Jul-06 18:00:00.000,41
2025-Jul-06 18:15:00.000,42
2025-Jul-06 18:30:00.000,42
2025-Jul-06 18:45:00.000,40
2025-Jul-06 19:00:00.000,41
2025-Jul-06 19:15:00.000,39
2025-Jul-06 19:30:00.000,41
2025-Jul-06 19:45:00.000,40
2025-Jul-06 20:00:00.000,41
2025-Jul-06 20:15:00.000,40
2025-Jul-06 20:30:00.000,27
2025-Jul-06 20:45:00.000,41
2025-Jul-06 21:00:00.000,40
2025-Jul-06 21:15:00.000,41
2025-Jul-06 21:30:00.000,39
2025-Jul-06 21:45:00.000,39
2025-Jul-06 22:00:00.000,40
2025-Jul-06 22:15:00.000,39
2025-Jul-06 22:30:00.000,40
2025-Jul-06 22:45:00.000,38
2025-Jul-06 23:00:00.000,39
2025-Jul-06 23:15:00.000,37
2025-Jul-06 23:30:00.000,39
2025-Jul-06 23:45:00.000,38
2025-Jul-07 00:00:00.000,38
2025-Jul-07 00:15:00.000,38
2025-Jul-07 00:30:00.000,38
2025-Jul-07 00:45:00.000,37
2025-Jul-07 01:00:00.000,36
2025-Jul-07 01:15:00.000,37
2025-Jul-07 01:30:00.000,36
2025-Jul-07 01:45:00.000,37
2025-Jul-07 02:00:00.000,36
2025-Jul-07 02:15:00.000,36
2025-Jul-07 02:30:00.000,23
2025-Jul-07 02:45:00.000,35
2025-Jul-07 03:00:00.000,36
2025-Jul-07 03:15:00.000,36
2025-Jul-07 03:30:00.000,35
2025-Jul-07 03:45:00.000,37
2025-Jul-07 04:00:00.000,37
2025-Jul-07 04:15:00.000,36
2025-Jul-07 04:30:00.000,37
2025-Jul-07 04:45:00.000,36
2025-Jul-07 05:00:00.000,35
2025-Jul-07 05:15:00.000,35
2025-Jul-07 05:30:00.000,35
2025-Jul-07 05:45:00.000,35
2025-Jul-07 06:00:00.000,35
2025-Jul-07 06:15:00.000,36
2025-Jul-07 06:30:00.000,37
2025-Jul-07 06:45:00.000,36
2025-Jul-07 07:00:00.000,37
2025-Jul-07 07:15:00.000,37
2025-Jul-07 07:30:00.000,37
2025-Jul-07 07:45:00.000,37
2025-Jul-07 08:00:00.000,38
2025-Jul-07 08:15:00.000,39
2025-Jul-07 08:30:00.000,40
2025-Jul-07 08:45:00.000,40
2025-Jul-07 09:00:00.000,42
2025-Jul-07 09:15:00.000,40
2025-Jul-07 09:30:00.000,41
2025-Jul-07 09:45:00.000,43
2025-Jul-07 10:00:00.000,40
2025-Jul-07 10:15:00.000,42
2025-Jul-07 10:30:00.000,42
2025-Jul-07 10:45:00.000,43
2025-Jul-07 11:00:00.000,45
2025-Jul-07 11:15:00.000,44
2025-Jul-07 11:30:00.000,44
2025-Jul-07 11:45:00.000,44
2025-Jul-07 12:00:00.000,29
2025-Jul-07 12:15:00.000,44
2025-Jul-07 12:30:00.000,44
2025-Jul-07 12:45:00.000,45
2025-Jul-07 13:00:00.000,46
2025-Jul-07 13:15:00.000,46
2025-Jul-07 13:30:00.000,47
2025-Jul-07 13:45:00.000,48
2025-Jul-07 14:00:00.000,50
2025-Jul-07 14:15:00.000,49
2025-Jul-07 14:30:00.000,49
2025-Jul-07 14:45:00.000,49
2025-Jul-07 15:00:00.000,50
2025-Jul-07 15:15:00.000,51
2025-Jul-07 15:30:00.000,51
2025-Jul-07 15:45:00.000,52
2025-Jul-07 16:00:00.000,53
2025-Jul-07 16:15:00.000,53
2025-Jul-07 16:30:00.000,52
2025-Jul-07 16:45:00.000,53
2025-Jul-07 17:00:00.000,52
2025-Jul-07 17:15:00.000,52
2025-Jul-07 17:30:00.000,53
2025-Jul-07 17:45:00.000,53
2025-Jul-07 18:00:00.000,52
2025-Jul-07 18:15:00.000,52
2025-Jul-07 18:30:00.000,52
2025-Jul-07 18:45:00.000,51
2025-Jul-07 19:00:00.000,51
2025-Jul-07 19:15:00.000,48
2025-Jul-07 19:30:00.000,46
2025-Jul-07 19:45:00.000,43
2025-Jul-07 20:00:00.000,43
2025-Jul-07 20:15:00.000,44
2025-Jul-07 20:30:00.000,43
2025-Jul-07 20:45:00.000,42
2025-Jul-07 21:00:00.000,40
2025-Jul-07 21:15:00.000,41
2025-Jul-07 21:30:00.000,41
2025-Jul-07 21:45:00.000,40
2025-Jul-07 22:00:00.000,26
2025-Jul-07 22:15:00.000,39
2025-Jul-07 22:30:00.000,39
2025-Jul-07 22:45:00.000,39
2025-Jul-07 23:00:00.000,40
2025-Jul-07 23:15:00.000,38
2025-Jul-07 23:30:00.000,39
2025-Jul-07 23:45:00.000,38
2025-Jul-08 00:00:00.000,39
2025-Jul-08 00:15:00.000,38
2025-Jul-08 00:30:00.000,37
2025-Jul-08 00:45:00.000,38
2025-Jul-08 01:00:00.000,38
2025-Jul-08 01:15:00.000,38
2025-Jul-08 01:30:00.000,37
2025-Jul-08 01:45:00.000,38
2025-Jul-08 02:00:00.000,38
2025-Jul-08 02:15:00.000,38
2025-Jul-08 02:30:00.000,37
2025-Jul-08 02:45:00.000,38
2025-Jul-08 03:00:00.000,38
2025-Jul-08 03:15:00.000,37
2025-Jul-08 03:30:00.000,37
2025-Jul-08 03:45:00.000,38
2025-Jul-08 04:00:00.000,38
2025-Jul-08 04:15:00.000,38
2025-Jul-08 04:30:00.000,38
2025-Jul-08 04:45:00.000,37
2025-Jul-08 05:00:00.000,38
2025-Jul-08 05:15:00.000,36
2025-Jul-08 05:30:00.000,37
2025-Jul-08 05:45:00.000,36
2025-Jul-08 06:00:00.000,37
2025-Jul-08 06:15:00.000,39
2025-Jul-08 06:30:00.000,39
2025-Jul-08 06:45:00.000,40
2025-Jul-08 07:00:00.000,39
2025-Jul-08 07:15:00.000,42
2025-Jul-08 07:30:00.000,42
2025-Jul-08 07:45:00.000,44
2025-Jul-08 08:00:00.000,30
2025-Jul-08 08:15:00.000,48
2025-Jul-08 08:30:00.000,49
2025-Jul-08 08:45:00.000,51
2025-Jul-08 09:00:00.000,51
2025-Jul-08 09:15:00.000,51
2025-Jul-08 09:30:00.000,50
2025-Jul-08 09:45:00.000,50
2025-Jul-08 10:00:00.000,49
2025-Jul-08 10:15:00.000,45
2025-Jul-08 10:30:00.000,42
2025-Jul-08 10:45:00.000,45
2025-Jul-08 11:00:00.000,48
2025-Jul-08 11:15:00.000,48
2025-Jul-08 11:30:00.000,50
2025-Jul-08 11:45:00.000,51
2025-Jul-08 12:00:00.000,52
2025-Jul-08 12:15:00.000,53
2025-Jul-08 12:30:00.000,54
2025-Jul-08 12:45:00.000,53
2025-Jul-08 13:00:00.000,53
2025-Jul-08 13:15:00.000,53
2025-Jul-08 13:30:00.000,53
2025-Jul-08 13:45:00.000,52
2025-Jul-08 14:00:00.000,53
2025-Jul-08 14:15:00.000,52
2025-Jul-08 14:30:00.000,52
2025-Jul-08 14:45:00.000,53
2025-Jul-08 15:00:00.000,48
2025-Jul-08 15:15:00.000,45
2025-Jul-08 15:30:00.000,46
2025-Jul-08 15:45:00.000,46
2025-Jul-08 16:00:00.000,45
2025-Jul-08 16:15:00.000,47
2025-Jul-08 16:30:00.000,48
2025-Jul-08 16:45:00.000,50
2025-Jul-08 17:00:00.000,50
2025-Jul-08 17:15:00.000,49
2025-Jul-08 17:30:00.000,49
2025-Jul-08 17:45:00.000,48
2025-Jul-08 18:00:00.000,49
2025-Jul-08 18:15:00.000,50
2025-Jul-08 18:30:00.000,49
2025-Jul-08 18:45:00.000,49
2025-Jul-08 19:00:00.000,34
2025-Jul-08 19:15:00.000,51
2025-Jul-08 19:30:00.000,50
2025-Jul-08 19:45:00.000,52
2025-Jul-08 20:00:00.000,53
2025-Jul-08 20:15:00.000,46
2025-Jul-08 20:30:00.000,35
2025-Jul-08 20:45:00.000,34
2025-Jul-08 21:00:00.000,34
2025-Jul-08 21:15:00.000,35
2025-Jul-08 21:30:00.000,34
2025-Jul-08 21:45:00.000,34
2025-Jul-08 22:00:00.000,34
2025-Jul-08 22:15:00.000,34
2025-Jul-08 22:30:00.000,34
2025-Jul-08 22:45:00.000,34
2025-Jul-08 23:00:00.000,34
2025-Jul-08 23:15:00.000,35
2025-Jul-08 23:30:00.000,35
2025-Jul-08 23:45:00.000,35
2025-Jul-09 00:00:00.000,35
2025-Jul-09 00:15:00.000,36
2025-Jul-09 00:30:00.000,37
2025-Jul-09 00:45:00.000,36
2025-Jul-09 01:00:00.000,36
2025-Jul-09 01:15:00.000,36
2025-Jul-09 01:30:00.000,36
2025-Jul-09 01:45:00.000,36
2025-Jul-09 02:00:00.000,34
2025-Jul-09 02:15:00.000,35
2025-Jul-09 02:30:00.000,34
2025-Jul-09 02:45:00.000,34
2025-Jul-09 03:00:00.000,34
2025-Jul-09 03:15:00.000,34
2025-Jul-09 03:30:00.000,34
2025-Jul-09 03:45:00.000,34
2025-Jul-09 04:00:00.000,33
2025-Jul-09 04:15:00.000,34
2025-Jul-09 04:30:00.000,33
2025-Jul-09 04:45:00.000,33
2025-Jul-09 05:00:00.000,32
2025-Jul-09 05:15:00.000,22
2025-Jul-09 05:30:00.000,32
2025-Jul-09 05:45:00.000,33
2025-Jul-09 06:00:00.000,32
2025-Jul-09 06:15:00.000,32
2025-Jul-09 06:30:00.000,33
2025-Jul-09 06:45:00.000,33
2025-Jul-09 07:00:00.000,32
2025-Jul-09 07:15:00.000,32
2025-Jul-09 07:30:00.000,33
2025-Jul-09 07:45:00.000,32
2025-Jul-09 08:00:00.000,32
2025-Jul-09 08:15:00.000,33
2025-Jul-09 08:30:00.000,33
2025-Jul-09 08:45:00.000,32
2025-Jul-09 09:00:00.000,34
2025-Jul-09 09:15:00.000,34
2025-Jul-09 09:30:00.000,34
2025-Jul-09 09:45:00.000,35
2025-Jul-09 10:00:00.000,36
2025-Jul-09 10:15:00.000,34
2025-Jul-09 10:30:00.000,35
2025-Jul-09 10:45:00.000,37
2025-Jul-09 11:00:00.000,36
2025-Jul-09 11:15:00.000,37
2025-Jul-09 11:30:00.000,38
2025-Jul-09 11:45:00.000,37
2025-Jul-09 12:00:00.000,36
2025-Jul-09 12:15:00.000,34
2025-Jul-09 12:30:00.000,33
2025-Jul-09 12:45:00.000,34
2025-Jul-09 13:00:00.000,35
2025-Jul-09 13:15:00.000,35
2025-Jul-09 13:30:00.000,35
2025-Jul-09 13:45:00.000,35
2025-Jul-09 14:00:00.000,38
2025-Jul-09 14:15:00.000,36
2025-Jul-09 14:30:00.000,37
2025-Jul-09 14:45:00.000,34
2025-Jul-09 15:00:00.000,34
2025-Jul-09 15:15:00.000,33
2025-Jul-09 15:30:00.000,33
2025-Jul-09 15:45:00.000,34
2025-Jul-09 16:00:00.000,32
2025-Jul-09 16:15:00.000,32
2025-Jul-09 16:30:00.000,32
2025-Jul-09 16:45:00.000,32
2025-Jul-09 17:00:00.000,32
2025-Jul-09 17:15:00.000,22
2025-Jul-09 17:30:00.000,32
2025-Jul-09 17:45:00.000,33
2025-Jul-09 18:00:00.000,34
2025-Jul-09 18:15:00.000,33
2025-Jul-09 18:30:00.000,33
2025-Jul-09 18:45:00.000,32
2025-Jul-09 19:00:00.000,32
2025-Jul-09 19:15:00.000,33
2025-Jul-09 19:30:00.000,32
2025-Jul-09 19:45:00.000,32
2025-Jul-09 20:00:00.000,32
2025-Jul-09 20:15:00.000,32
2025-Jul-09 20:30:00.000,31
2025-Jul-09 20:45:00.000,33
2025-Jul-09 21:00:00.000,31
2025-Jul-09 21:15:00.000,32
2025-Jul-09 21:30:00.000,31
2025-Jul-09 21:45:00.000,31
2025-Jul-09 22:00:00.000,28
2025-Jul-09 22:15:00.000,29
2025-Jul-09 22:30:00.000,28
2025-Jul-09 22:45:00.000,28
2025-Jul-09 23:00:00.000,27
2025-Jul-09 23:15:00.000,27
2025-Jul-09 23:30:00.000,26
2025-Jul-09 23:45:00.000,26
2025-Jul-10 00:00:00.000,25
2025-Jul-10 00:15:00.000,26
2025-Jul-10 00:30:00.000,25
2025-Jul-10 00:45:00.000,24
2025-Jul-10 01:00:00.000,25
2025-Jul-10 01:15:00.000,26
2025-Jul-10 01:30:00.000,26
2025-Jul-10 01:45:00.000,25
2025-Jul-10 02:00:00.000,25
2025-Jul-10 02:15:00.000,25
2025-Jul-10 02:30:00.000,25
2025-Jul-10 02:45:00.000,24
2025-Jul-10 03:00:00.000,25
2025-Jul-10 03:15:00.000,16
2025-Jul-10 03:30:00.000,24
2025-Jul-10 03:45:00.000,23
2025-Jul-10 04:00:00.000,23
2025-Jul-10 04:15:00.000,24
2025-Jul-10 04:30:00.000,22
2025-Jul-10 04:45:00.000,23
2025-Jul-10 05:00:00.000,23
2025-Jul-10 05:15:00.000,23
2025-Jul-10 05:30:00.000,24
2025-Jul-10 05:45:00.000,25
2025-Jul-10 06:00:00.000,25
2025-Jul-10 06:15:00.000,24
2025-Jul-10 06:30:00.000,26
2025-Jul-10 06:45:00.000,25
2025-Jul-10 07:00:00.000,25
2025-Jul-10 07:15:00.000,25
2025-Jul-10 07:30:00.000,26
2025-Jul-10 07:45:00.000,25
2025-Jul-10 08:00:00.000,26
2025-Jul-10 08:15:00.000,26
2025-Jul-10 08:30:00.000,28
2025-Jul-10 08:45:00.000,27
2025-Jul-10 09:00:00.000,26
2025-Jul-10 09:15:00.000,26
2025-Jul-10 09:30:00.000,28
2025-Jul-10 09:45:00.000,28
2025-Jul-10 10:00:00.000,27
2025-Jul-10 10:15:00.000,28
2025-Jul-10 10:30:00.000,28
2025-Jul-10 10:45:00.000,29
2025-Jul-10 11:00:00.000,29
2025-Jul-10 11:15:00.000,28
2025-Jul-10 11:30:00.000,27
2025-Jul-10 11:45:00.000,27
2025-Jul-10 12:00:00.000,27
2025-Jul-10 12:15:00.000,28
2025-Jul-10 12:30:00.000,28
2025-Jul-10 12:45:00.000,29
2025-Jul-10 13:00:00.000,19
2025-Jul-10 13:15:00.000,27
2025-Jul-10 13:30:00.000,29
2025-Jul-10 13:45:00.000,28
2025-Jul-10 14:00:00.000,29
2025-Jul-10 14:15:00.000,28
2025-Jul-10 14:30:00.000,29
2025-Jul-10 14:45:00.000,28
2025-Jul-10 15:00:00.000,29
2025-Jul-10 15:15:00.000,29
2025-Jul-10 15:30:00.000,29
2025-Jul-10 15:45:00.000,30
2025-Jul-10 16:00:00.000,29
2025-Jul-10 16:15:00.000,30
2025-Jul-10 16:30:00.000,29
2025-Jul-10 16:45:00.000,30
2025-Jul-10 17:00:00.000,31
2025-Jul-10 17:15:00.000,30
2025-Jul-10 17:30:00.000,30
2025-Jul-10 17:45:00.000,30
2025-Jul-10 18:00:00.000,30
2025-Jul-10 18:15:00.000,29
2025-Jul-10 18:30:00.000,29
2025-Jul-10 18:45:00.000,27
2025-Jul-10 19:00:00.000,28
2025-Jul-10 19:15:00.000,28
2025-Jul-10 19:30:00.000,27
2025-Jul-10 19:45:00.000,28
2025-Jul-10 20:00:00.000,27
2025-Jul-10 20:15:00.000,27
2025-Jul-10 20:30:00.000,28
2025-Jul-10 20:45:00.000,26
2025-Jul-10 21:00:00.000,25
2025-Jul-10 21:15:00.000,24
2025-Jul-10 21:30:00.000,25
2025-Jul-10 21:45:00.000,25
2025-Jul-10 22:00:00.000,24
2025-Jul-10 22:15:00.000,25
2025-Jul-10 22:30:00.000,24
2025-Jul-10 22:45:00.000,23
2025-Jul-10 23:00:00.000,16
2025-Jul-10 23:15:00.000,22
2025-Jul-10 23:30:00.000,23
2025-Jul-10 23:45:00.000,23
2025-Jul-11 00:00:00.000,23
2025-Jul-11 00:15:00.000,22
2025-Jul-11 00:30:00.000,21
2025-Jul-11 00:45:00.000,22
2025-Jul-11 01:00:00.000,21
2025-Jul-11 01:15:00.000,21
2025-Jul-11 01:30:00.000,20
2025-Jul-11 01:45:00.000,21
2025-Jul-11 02:00:00.000,20
2025-Jul-11 02:15:00.000,21
2025-Jul-11 02:30:00.000,20
2025-Jul-11 02:45:00.000,21
2025-Jul-11 03:00:00.000,19
2025-Jul-11 03:15:00.000,20
2025-Jul-11 03:30:00.000,20
2025-Jul-11 03:45:00.000,20
2025-Jul-11 04:00:00.000,22
2025-Jul-11 04:15:00.000,21
2025-Jul-11 04:30:00.000,22
2025-Jul-11 04:45:00.000,21
2025-Jul-11 05:00:00.000,21
2025-Jul-11 05:15:00.000,22
2025-Jul-11 05:30:00.000,22
2025-Jul-11 05:45:00.000,21
2025-Jul-11 06:00:00.000,22
2025-Jul-11 06:15:00.000,22
2025-Jul-11 06:30:00.000,22
2025-Jul-11 06:45:00.000,23
2025-Jul-11 07:00:00.000,22
2025-Jul-11 07:15:00.000,23
2025-Jul-11 07:30:00.000,22
2025-Jul-11 07:45:00.000,23
2025-Jul-11 08:00:00.000,23
2025-Jul-11 08:15:00.000,24
2025-Jul-11 08:30:00.000,24
2025-Jul-11 08:45:00.000,24
2025-Jul-11 09:00:00.000,17
2025-Jul-11 09:15:00.000,25
2025-Jul-11 09:30:00.000,25
2025-Jul-11 09:45:00.000,26
2025-Jul-11 10:00:00.000,25
2025-Jul-11 10:15:00.000,26
2025-Jul-11 10:30:00.000,27
2025-Jul-11 10:45:00.000,25
2025-Jul-11 11:00:00.000,28
2025-Jul-11 11:15:00.000,27
2025-Jul-11 11:30:00.000,28
2025-Jul-11 11:45:00.000,28
2025-Jul-11 12:00:00.000,28
2025-Jul-11 12:15:00.000,28
2025-Jul-11 12:30:00.000,29
2025-Jul-11 12:45:00.000,29
2025-Jul-11 13:00:00.000,28
2025-Jul-11 13:15:00.000,29
2025-Jul-11 13:30:00.000,28
2025-Jul-11 13:45:00.000,29
2025-Jul-11 14:00:00.000,29
2025-Jul-11 14:15:00.000,30
2025-Jul-11 14:30:00.000,29
2025-Jul-11 14:45:00.000,30
2025-Jul-11 15:00:00.000,29
2025-Jul-11 15:15:00.000,29
2025-Jul-11 15:30:00.000,30
2025-Jul-11 15:45:00.000,30
2025-Jul-11 16:00:00.000,30
2025-Jul-11 16:15:00.000,31
2025-Jul-11 16:30:00.000,30
2025-Jul-11 16:45:00.000,30
2025-Jul-11 17:00:00.000,30
2025-Jul-11 17:15:00.000,30
2025-Jul-11 17:30:00.000,32
2025-Jul-11 17:45:00.000,31
2025-Jul-11 18:00:00.000,31
2025-Jul-11 18:15:00.000,32
2025-Jul-11 18:30:00.000,31
2025-Jul-11 18:45:00.000,30
2025-Jul-11 19:00:00.000,31
2025-Jul-11 19:15:00.000,20
2025-Jul-11 19:30:00.000,30
2025-Jul-11 19:45:00.000,29
2025-Jul-11 20:00:00.000,29
2025-Jul-11 20:15:00.000,29
2025-Jul-11 20:30:00.000,28
2025-Jul-11 20:45:00.000,29
2025-Jul-11 21:00:00.000,29
2025-Jul-11 21:15:00.000,28
2025-Jul-11 21:30:00.000,28
2025-Jul-11 21:45:00.000,28
2025-Jul-11 22:00:00.000,26
2025-Jul-11 22:15:00.000,26
2025-Jul-11 22:30:00.000,26
2025-Jul-11 22:45:00.000,26
2025-Jul-11 23:00:00.000,26
2025-Jul-11 23:15:00.000,25
2025-Jul-11 23:30:00.000,25
2025-Jul-11 23:45:00.000,25
2025-Jul-12 00:00:00.000,25
2025-Jul-12 00:15:00.000,24
2025-Jul-12 00:30:00.000,23
2025-Jul-12 00:45:00.000,24
2025-Jul-12 01:00:00.000,24
2025-Jul-12 01:15:00.000,24
2025-Jul-12 01:30:00.000,23
2025-Jul-12 01:45:00.000,25
2025-Jul-12 02:00:00.000,24
2025-Jul-12 02:15:00.000,25
2025-Jul-12 02:30:00.000,24
2025-Jul-12 02:45:00.000,24
2025-Jul-12 03:00:00.000,23
2025-Jul-12 03:15:00.000,24
2025-Jul-12 03:30:00.000,23
2025-Jul-12 03:45:00.000,23
2025-Jul-12 04:00:00.000,23
2025-Jul-12 04:15:00.000,23
2025-Jul-12 04:30:00.000,22
2025-Jul-12 04:45:00.000,22
2025-Jul-12 05:00:00.000,23
2025-Jul-12 05:15:00.000,15
2025-Jul-12 05:30:00.000,21
2025-Jul-12 05:45:00.000,23
2025-Jul-12 06:00:00.000,24
2025-Jul-12 06:15:00.000,22
2025-Jul-12 06:30:00.000,24
2025-Jul-12 06:45:00.000,24
2025-Jul-12 07:00:00.000,24
2025-Jul-12 07:15:00.000,24
2025-Jul-12 07:30:00.000,24
2025-Jul-12 07:45:00.000,24
2025-Jul-12 08:00:00.000,24
2025-Jul-12 08:15:00.000,24
2025-Jul-12 08:30:00.000,25
2025-Jul-12 08:45:00.000,25
2025-Jul-12 09:00:00.000,24
2025-Jul-12 09:15:00.000,25
2025-Jul-12 09:30:00.000,24
2025-Jul-12 09:45:00.000,25
2025-Jul-12 10:00:00.000,25
2025-Jul-12 10:15:00.000,26
2025-Jul-12 10:30:00.000,26
2025-Jul-12 10:45:00.000,27
2025-Jul-12 11:00:00.000,27
2025-Jul-12 11:15:00.000,28
2025-Jul-12 11:30:00.000,26
2025-Jul-12 11:45:00.000,28
2025-Jul-12 12:00:00.000,27
2025-Jul-12 12:15:00.000,28
2025-Jul-12 12:30:00.000,28
2025-Jul-12 12:45:00.000,28
2025-Jul-12 13:00:00.000,28
2025-Jul-12 13:15:00.000,29
2025-Jul-12 13:30:00.000,28
2025-Jul-12 13:45:00.000,29
2025-Jul-12 14:00:00.000,30
2025-Jul-12 14:15:00.000,29
2025-Jul-12 14:30:00.000,20
2025-Jul-12 14:45:00.000,29
2025-Jul-12 15:00:00.000,30
2025-Jul-12 15:15:00.000,29
2025-Jul-12 15:30:00.000,30
2025-Jul-12 15:45:00.000,30
2025-Jul-12 16:00:00.000,30
2025-Jul-12 16:15:00.000,30
2025-Jul-12 16:30:00.000,29
2025-Jul-12 16:45:00.000,29
2025-Jul-12 17:00:00.000,31
2025-Jul-12 17:15:00.000,30
2025-Jul-12 17:30:00.000,29
2025-Jul-12 17:45:00.000,29
2025-Jul-12 18:00:00.000,30
2025-Jul-12 18:15:00.000,30
2025-Jul-12 18:30:00.000,30
2025-Jul-12 18:45:00.000,30
2025-Jul-12 19:00:00.000,32
2025-Jul-12 19:15:00.000,31
2025-Jul-12 19:30:00.000,30
2025-Jul-12 19:45:00.000,32
2025-Jul-12 20:00:00.000,32
2025-Jul-12 20:15:00.000,30
2025-Jul-12 20:30:00.000,30
2025-Jul-12 20:45:00.000,29
2025-Jul-12 21:00:00.000,27
2025-Jul-12 21:15:00.000,27
2025-Jul-12 21:30:00.000,26
2025-Jul-12 21:45:00.000,26
2025-Jul-12 22:00:00.000,26
2025-Jul-12 22:15:00.000,27
2025-Jul-12 22:30:00.000,26
2025-Jul-12 22:45:00.000,25
2025-Jul-12 23:00:00.000,27
2025-Jul-12 23:15:00.000,27
2025-Jul-12 23:30:00.000,17
2025-Jul-12 23:45:00.000,25
2025-Jul-13 00:00:00.000,26
2025-Jul-13 00:15:00.000,25
2025-Jul-13 00:30:00.000,25
2025-Jul-13 00:45:00.000,26
2025-Jul-13 01:00:00.000,25
2025-Jul-13 01:15:00.000,25
2025-Jul-13 01:30:00.000,25
2025-Jul-13 01:45:00.000,25
2025-Jul-13 02:00:00.000,26
2025-Jul-13 02:15:00.000,27
2025-Jul-13 02:30:00.000,27
2025-Jul-13 02:45:00.000,27
2025-Jul-13 03:00:00.000,27
2025-Jul-13 03:15:00.000,27
2025-Jul-13 03:30:00.000,27
2025-Jul-13 03:45:00.000,27
2025-Jul-13 04:00:00.000,27
2025-Jul-13 04:15:00.000,26
2025-Jul-13 04:30:00.000,26
2025-Jul-13 04:45:00.000,26
2025-Jul-13 05:00:00.000,27
2025-Jul-13 05:15:00.000,24
2025-Jul-13 05:30:00.000,25
2025-Jul-13 05:45:00.000,25
2025-Jul-13 06:00:00.000,24
2025-Jul-13 06:15:00.000,25
2025-Jul-13 06:30:00.000,26
2025-Jul-13 06:45:00.000,26
2025-Jul-13 07:00:00.000,26
2025-Jul-13 07:15:00.000,26
2025-Jul-13 07:30:00.000,27
2025-Jul-13 07:45:00.000,26
2025-Jul-13 08:00:00.000,28
2025-Jul-13 08:15:00.000,27
2025-Jul-13 08:30:00.000,27
2025-Jul-13 08:45:00.000,28
2025-Jul-13 09:00:00.000,27
2025-Jul-13 09:15:00.000,17
2025-Jul-13 09:30:00.000,26
2025-Jul-13 09:45:00.000,26
2025-Jul-13 10:00:00.000,27
2025-Jul-13 10:15:00.000,27
2025-Jul-13 10:30:00.000,27
2025-Jul-13 10:45:00.000,28
2025-Jul-13 11:00:00.000,29
2025-Jul-13 11:15:00.000,27
2025-Jul-13 11:30:00.000,28
2025-Jul-13 11:45:00.000,30
2025-Jul-13 12:00:00.000,30
2025-Jul-13 12:15:00.000,30
2025-Jul-13 12:30:00.000,31
2025-Jul-13 12:45:00.000,31
2025-Jul-13 13:00:00.000,30
2025-Jul-13 13:15:00.000,30
2025-Jul-13 13:30:00.000,29
2025-Jul-13 13:45:00.000,29
2025-Jul-13 14:00:00.000,28
2025-Jul-13 14:15:00.000,28
2025-Jul-13 14:30:00.000,29
2025-Jul-13 14:45:00.000,30
2025-Jul-13 15:00:00.000,31
2025-Jul-13 15:15:00.000,31
2025-Jul-13 15:30:00.000,32
2025-Jul-13 15:45:00.000,31
2025-Jul-13 16:00:00.000,31
2025-Jul-13 16:15:00.000,32
2025-Jul-13 16:30:00.000,33
2025-Jul-13 16:45:00.000,33
2025-Jul-13 17:00:00.000,31
2025-Jul-13 17:15:00.000,32
2025-Jul-13 17:30:00.000,32
2025-Jul-13 17:45:00.000,33
2025-Jul-13 18:00:00.000,32
2025-Jul-13 18:15:00.000,33
2025-Jul-13 18:30:00.000,33
2025-Jul-13 18:45:00.000,32
2025-Jul-13 19:00:00.000,32
2025-Jul-13 19:15:00.000,21
2025-Jul-13 19:30:00.000,31
2025-Jul-13 19:45:00.000,33
2025-Jul-13 20:00:00.000,32
2025-Jul-13 20:15:00.000,31
2025-Jul-13 20:30:00.000,30
2025-Jul-13 20:45:00.000,31
2025-Jul-13 21:00:00.000,31
2025-Jul-13 21:15:00.000,30
2025-Jul-13 21:30:00.000,29
2025-Jul-13 21:45:00.000,30
2025-Jul-13 22:00:00.000,30
2025-Jul-13 22:15:00.000,30
2025-Jul-13 22:30:00.000,30
2025-Jul-13 22:45:00.000,30
2025-Jul-13 23:00:00.000,28
2025-Jul-13 23:15:00.000,30
2025-Jul-13 23:30:00.000,30
2025-Jul-13 23:45:00.000,28
2025-Jul-14 00:00:00.000,29
2025-Jul-14 00:15:00.000,29
2025-Jul-14 00:30:00.000,28
2025-Jul-14 00:45:00.000,28
2025-Jul-14 01:00:00.000,28
2025-Jul-14 01:15:00.000,27
2025-Jul-14 01:30:00.000,28
2025-Jul-14 01:45:00.000,29
2025-Jul-14 02:00:00.000,28
2025-Jul-14 02:15:00.000,29
2025-Jul-14 02:30:00.000,29
2025-Jul-14 02:45:00.000,27
2025-Jul-14 03:00:00.000,28
2025-Jul-14 03:15:00.000,29
2025-Jul-14 03:30:00.000,29
2025-Jul-14 03:45:00.000,29
2025-Jul-14 04:00:00.000,29
2025-Jul-14 04:15:00.000,26
2025-Jul-14 04:30:00.000,26
2025-Jul-14 04:45:00.000,26
2025-Jul-14 05:00:00.000,27
2025-Jul-14 05:15:00.000,26
2025-Jul-14 05:30:00.000,17
2025-Jul-14 05:45:00.000,27
2025-Jul-14 06:00:00.000,26
2025-Jul-14 06:15:00.000,26
2025-Jul-14 06:30:00.000,27
2025-Jul-14 06:45:00.000,27
2025-Jul-14 07:00:00.000,28
2025-Jul-14 07:15:00.000,26
2025-Jul-14 07:30:00.000,28
2025-Jul-14 07:45:00.000,27
2025-Jul-14 08:00:00.000,29
2025-Jul-14 08:15:00.000,28
2025-Jul-14 08:30:00.000,28
2025-Jul-14 08:45:00.000,30
2025-Jul-14 09:00:00.000,30
2025-Jul-14 09:15:00.000,31
2025-Jul-14 09:30:00.000,31
2025-Jul-14 09:45:00.000,30
2025-Jul-14 10:00:00.000,30
2025-Jul-14 10:15:00.000,30
2025-Jul-14 10:30:00.000,31
2025-Jul-14 10:45:00.000,31
2025-Jul-14 11:00:00.000,32
2025-Jul-14 11:15:00.000,32
2025-Jul-14 11:30:00.000,32
2025-Jul-14 11:45:00.000,31
2025-Jul-14 12:00:00.000,32
2025-Jul-14 12:15:00.000,34
2025-Jul-14 12:30:00.000,35
2025-Jul-14 12:45:00.000,34
2025-Jul-14 13:00:00.000,33
2025-Jul-14 13:15:00.000,35
2025-Jul-14 13:30:00.000,36
2025-Jul-14 13:45:00.000,35
2025-Jul-14 14:00:00.000,35
2025-Jul-14 14:15:00.000,34
2025-Jul-14 14:30:00.000,32
2025-Jul-14 14:45:00.000,32
2025-Jul-14 15:00:00.000,34
2025-Jul-14 15:15:00.000,32
2025-Jul-14 15:30:00.000,32
2025-Jul-14 15:45:00.000,32
2025-Jul-14 16:00:00.000,34
2025-Jul-14 16:15:00.000,33
2025-Jul-14 16:30:00.000,22
2025-Jul-14 16:45:00.000,31
2025-Jul-14 17:00:00.000,32
2025-Jul-14 17:15:00.000,31
2025-Jul-14 17:30:00.000,32
2025-Jul-14 17:45:00.000,33
2025-Jul-14 18:00:00.000,31
2025-Jul-14 18:15:00.000,31
2025-Jul-14 18:30:00.000,31
2025-Jul-14 18:45:00.000,31
2025-Jul-14 19:00:00.000,31
2025-Jul-14 19:15:00.000,31
2025-Jul-14 19:30:00.000,30
2025-Jul-14 19:45:00.000,29
2025-Jul-14 20:00:00.000,29
2025-Jul-14 20:15:00.000,30
2025-Jul-14 20:30:00.000,29
2025-Jul-14 20:45:00.000,28
2025-Jul-14 21:00:00.000,29
2025-Jul-14 21:15:00.000,28
2025-Jul-14 21:30:00.000,28
2025-Jul-14 21:45:00.000,28
2025-Jul-14 22:00:00.000,28
2025-Jul-14 22:15:00.000,28
2025-Jul-14 22:30:00.000,28
2025-Jul-14 22:45:00.000,28
2025-Jul-14 23:00:00.000,28
2025-Jul-14 23:15:00.000,28
2025-Jul-14 23:30:00.000,28
2025-Jul-14 23:45:00.000,27
2025-Jul-15 00:00:00.000,26
2025-Jul-15 00:15:00.000,27
2025-Jul-15 00:30:00.000,26
2025-Jul-15 00:45:00.000,26
2025-Jul-15 01:00:00.000,27
2025-Jul-15 01:15:00.000,27
2025-Jul-15 01:30:00.000,26
2025-Jul-15 01:45:00.000,26
2025-Jul-15 02:00:00.000,26
2025-Jul-15 02:15:00.000,26
2025-Jul-15 02:30:00.000,27
2025-Jul-15 02:45:00.000,26
2025-Jul-15 03:00:00.000,26
2025-Jul-15 03:15:00.000,26
2025-Jul-15 03:30:00.000,18
2025-Jul-15 03:45:00.000,27
2025-Jul-15 04:00:00.000,26
2025-Jul-15 04:15:00.000,26
2025-Jul-15 04:30:00.000,26
2025-Jul-15 04:45:00.000,26
2025-Jul-15 05:00:00.000,26
2025-Jul-15 05:15:00.000,27
2025-Jul-15 05:30:00.000,26
2025-Jul-15 05:45:00.000,27
2025-Jul-15 06:00:00.000,26
2025-Jul-15 06:15:00.000,27
2025-Jul-15 06:30:00.000,28
2025-Jul-15 06:45:00.000,27
2025-Jul-15 07:00:00.000,28
2025-Jul-15 07:15:00.000,27
2025-Jul-15 07:30:00.000,26
2025-Jul-15 07:45:00.000,27
2025-Jul-15 08:00:00.000,27
2025-Jul-15 08:15:00.000,27
2025-Jul-15 08:30:00.000,27
2025-Jul-15 08:45:00.000,27
2025-Jul-15 09:00:00.000,26
2025-Jul-15 09:15:00.000,26
2025-Jul-15 09:30:00.000,27
2025-Jul-15 09:45:00.000,27
2025-Jul-15 10:00:00.000,27
2025-Jul-15 10:15:00.000,28
2025-Jul-15 10:30:00.000,29
2025-Jul-15 10:45:00.000,29
2025-Jul-15 11:00:00.000,29
2025-Jul-15 11:15:00.000,29
2025-Jul-15 11:30:00.000,28
2025-Jul-15 11:45:00.000,29
2025-Jul-15 12:00:00.000,30
2025-Jul-15 12:15:00.000,29
2025-Jul-15 12:30:00.000,29
2025-Jul-15 12:45:00.000,30
2025-Jul-15 13:00:00.000,28
2025-Jul-15 13:15:00.000,28
2025-Jul-15 13:30:00.000,29
2025-Jul-15 13:45:00.000,29
2025-Jul-15 14:00:00.000,28
2025-Jul-15 14:15:00.000,29
2025-Jul-15 14:30:00.000,29
2025-Jul-15 14:45:00.000,19
2025-Jul-15 15:00:00.000,30
2025-Jul-15 15:15:00.000,30
2025-Jul-15 15:30:00.000,29
2025-Jul-15 15:45:00.000,31
2025-Jul-15 16:00:00.000,30
2025-Jul-15 16:15:00.000,30
2025-Jul-15 16:30:00.000,30
2025-Jul-15 16:45:00.000,29
2025-Jul-15 17:00:00.000,30
2025-Jul-15 17:15:00.000,28
2025-Jul-15 17:30:00.000,29
2025-Jul-15 17:45:00.000,30
2025-Jul-15 18:00:00.000,29
2025-Jul-15 18:15:00.000,29
2025-Jul-15 18:30:00.000,28
2025-Jul-15 18:45:00.000,29
2025-Jul-15 19:00:00.000,29
2025-Jul-15 19:15:00.000,28
2025-Jul-15 19:30:00.000,28
2025-Jul-15 19:45:00.000,29
2025-Jul-15 20:00:00.000,28
2025-Jul-15 20:15:00.000,29
2025-Jul-15 20:30:00.000,28
2025-Jul-15 20:45:00.000,29
2025-Jul-15 21:00:00.000,28
2025-Jul-15 21:15:00.000,28
2025-Jul-15 21:30:00.000,29
2025-Jul-15 21:45:00.000,29
2025-Jul-15 22:00:00.000,29
2025-Jul-15 22:15:00.000,29
2025-Jul-15 22:30:00.000,29
2025-Jul-15 22:45:00.000,30
2025-Jul-15 23:00:00.000,29
2025-Jul-15 23:15:00.000,28
2025-Jul-15 23:30:00.000,29
2025-Jul-15 23:45:00.000,28
2025-Jul-16 00:00:00.000,28
2025-Jul-16 00:15:00.000,29
2025-Jul-16 00:30:00.000,27
2025-Jul-16 00:45:00.000,27
2025-Jul-16 01:00:00.000,27
2025-Jul-16 01:15:00.000,28
2025-Jul-16 01:30:00.000,19
2025-Jul-16 01:45:00.000,27
2025-Jul-16 02:00:00.000,28
2025-Jul-16 02:15:00.000,28
2025-Jul-16 02:30:00.000,28
2025-Jul-16 02:45:00.000,28
2025-Jul-16 03:00:00.000,27
2025-Jul-16 03:15:00.000,28
2025-Jul-16 03:30:00.000,28
2025-Jul-16 03:45:00.000,28
2025-Jul-16 04:00:00.000,28
2025-Jul-16 04:15:00.000,28
2025-Jul-16 04:30:00.000,28
2025-Jul-16 04:45:00.000,27
2025-Jul-16 05:00:00.000,28
2025-Jul-16 05:15:00.000,28
2025-Jul-16 05:30:00.000,27
2025-Jul-16 05:45:00.000,28
2025-Jul-16 06:00:00.000,28
2025-Jul-16 06:15:00.000,28
2025-Jul-16 06:30:00.000,30
2025-Jul-16 06:45:00.000,30
2025-Jul-16 07:00:00.000,30
2025-Jul-16 07:15:00.000,29
2025-Jul-16 07:30:00.000,30
2025-Jul-16 07:45:00.000,30
2025-Jul-16 08:00:00.000,31
2025-Jul-16 08:15:00.000,31
2025-Jul-16 08:30:00.000,31
2025-Jul-16 08:45:00.000,32
2025-Jul-16 09:00:00.000,33
2025-Jul-16 09:15:00.000,32
2025-Jul-16 09:30:00.000,32
2025-Jul-16 09:45:00.000,34
2025-Jul-16 10:00:00.000,33
2025-Jul-16 10:15:00.000,31
2025-Jul-16 10:30:00.000,32
2025-Jul-16 10:45:00.000,30
2025-Jul-16 11:00:00.000,30
2025-Jul-16 11:15:00.000,29
2025-Jul-16 11:30:00.000,29
2025-Jul-16 11:45:00.000,30
2025-Jul-16 12:00:00.000,30
2025-Jul-16 12:15:00.000,29
2025-Jul-16 12:30:00.000,29
2025-Jul-16 12:45:00.000,20
2025-Jul-16 13:00:00.000,31
2025-Jul-16 13:15:00.000,31
2025-Jul-16 13:30:00.000,31
2025-Jul-16 13:45:00.000,30
2025-Jul-16 14:00:00.000,30
2025-Jul-16 14:15:00.000,32
2025-Jul-16 14:30:00.000,30
2025-Jul-16 14:45:00.000,30
2025-Jul-16 15:00:00.000,31
2025-Jul-16 15:15:00.000,29
2025-Jul-16 15:30:00.000,28
2025-Jul-16 15:45:00.000,30
2025-Jul-16 16:00:00.000,29
2025-Jul-16 16:15:00.000,28
2025-Jul-16 16:30:00.000,28
2025-Jul-16 16:45:00.000,28
2025-Jul-16 17:00:00.000,29
2025-Jul-16 17:15:00.000,28
2025-Jul-16 17:30:00.000,29
2025-Jul-16 17:45:00.000,28
2025-Jul-16 18:00:00.000,29
2025-Jul-16 18:15:00.000,34
2025-Jul-16 18:30:00.000,28
2025-Jul-16 18:45:00.000,29
2025-Jul-16 19:00:00.000,29
2025-Jul-16 19:15:00.000,29
2025-Jul-16 19:30:00.000,29
2025-Jul-16 19:45:00.000,28
2025-Jul-16 20:00:00.000,29
2025-Jul-16 20:15:00.000,28
2025-Jul-16 20:30:00.000,28
2025-Jul-16 20:45:00.000,29
2025-Jul-16 21:00:00.000,29
2025-Jul-16 21:15:00.000,28
2025-Jul-16 21:30:00.000,28
2025-Jul-16 21:45:00.000,28
2025-Jul-16 22:00:00.000,27
2025-Jul-16 22:15:00.000,28
2025-Jul-16 22:30:00.000,28
2025-Jul-16 22:45:00.000,28
2025-Jul-16 23:00:00.000,28
2025-Jul-16 23:15:00.000,28
2025-Jul-16 23:30:00.000,27
2025-Jul-16 23:45:00.000,28
2025-Jul-17 00:00:00.000,28
2025-Jul-17 00:15:00.000,28
2025-Jul-17 00:30:00.000,28
2025-Jul-17 00:45:00.000,28
2025-Jul-17 01:00:00.000,28
2025-Jul-17 01:15:00.000,19
2025-Jul-17 01:30:00.000,28
2025-Jul-17 01:45:00.000,29
2025-Jul-17 02:00:00.000,30
2025-Jul-17 02:15:00.000,28
2025-Jul-17 02:30:00.000,29
2025-Jul-17 02:45:00.000,28
2025-Jul-17 03:00:00.000,29
2025-Jul-17 03:15:00.000,28
2025-Jul-17 03:30:00.000,28
2025-Jul-17 03:45:00.000,28
2025-Jul-17 04:00:00.000,28
2025-Jul-17 04:15:00.000,29
2025-Jul-17 04:30:00.000,28
2025-Jul-17 04:45:00.000,29
2025-Jul-17 05:00:00.000,28
2025-Jul-17 05:15:00.000,29
2025-Jul-17 05:30:00.000,29
2025-Jul-17 05:45:00.000,28
2025-Jul-17 06:00:00.000,28
2025-Jul-17 06:15:00.000,28
2025-Jul-17 06:30:00.000,30
2025-Jul-17 06:45:00.000,30
2025-Jul-17 07:00:00.000,28
2025-Jul-17 07:15:00.000,29
2025-Jul-17 07:30:00.000,29
2025-Jul-17 07:45:00.000,30
2025-Jul-17 08:00:00.000,29
2025-Jul-17 08:15:00.000,30
2025-Jul-17 08:30:00.000,30
2025-Jul-17 08:45:00.000,29
2025-Jul-17 09:00:00.000,30
2025-Jul-17 09:15:00.000,29
2025-Jul-17 09:30:00.000,29
2025-Jul-17 09:45:00.000,29
2025-Jul-17 10:00:00.000,28
2025-Jul-17 10:15:00.000,29
2025-Jul-17 10:30:00.000,28
2025-Jul-17 10:45:00.000,29
2025-Jul-17 11:00:00.000,29
2025-Jul-17 11:15:00.000,28
2025-Jul-17 11:30:00.000,29
2025-Jul-17 11:45:00.000,29
2025-Jul-17 12:00:00.000,29
2025-Jul-17 12:15:00.000,28
2025-Jul-17 12:30:00.000,28
2025-Jul-17 12:45:00.000,29
2025-Jul-17 13:00:00.000,30
2025-Jul-17 13:15:00.000,29
2025-Jul-17 13:30:00.000,29
2025-Jul-17 13:45:00.000,30
2025-Jul-17 14:00:00.000,20
2025-Jul-17 14:15:00.000,31
2025-Jul-17 14:30:00.000,31
2025-Jul-17 14:45:00.000,31
2025-Jul-17 15:00:00.000,32
2025-Jul-17 15:15:00.000,33
2025-Jul-17 15:30:00.000,34
2025-Jul-17 15:45:00.000,32
2025-Jul-17 16:00:00.000,33
2025-Jul-17 16:15:00.000,33
2025-Jul-17 16:30:00.000,32
2025-Jul-17 16:45:00.000,33
2025-Jul-17 17:00:00.000,32
2025-Jul-17 17:15:00.000,32
2025-Jul-17 17:30:00.000,31
2025-Jul-17 17:45:00.000,31
2025-Jul-17 18:00:00.000,30
2025-Jul-17 18:15:00.000,30
2025-Jul-17 18:30:00.000,31
2025-Jul-17 18:45:00.000,30
2025-Jul-17 19:00:00.000,30
2025-Jul-17 19:15:00.000,30
2025-Jul-17 19:30:00.000,31
2025-Jul-17 19:45:00.000,28
2025-Jul-17 20:00:00.000,29
2025-Jul-17 20:15:00.000,28
2025-Jul-17 20:30:00.000,30
2025-Jul-17 20:45:00.000,30
2025-Jul-17 21:00:00.000,28
2025-Jul-17 21:15:00.000,29
2025-Jul-17 21:30:00.000,28
2025-Jul-17 21:45:00.000,29
2025-Jul-17 22:00:00.000,29
2025-Jul-17 22:15:00.000,29
2025-Jul-17 22:30:00.000,29
2025-Jul-17 22:45:00.000,29
2025-Jul-17 23:00:00.000,29
2025-Jul-17 23:15:00.000,29
2025-Jul-17 23:30:00.000,29
2025-Jul-17 23:45:00.000,29
2025-Jul-18 00:00:00.000,28
2025-Jul-18 00:15:00.000,19
2025-Jul-18 00:30:00.000,27
2025-Jul-18 00:45:00.000,28
2025-Jul-18 01:00:00.000,28
2025-Jul-18 01:15:00.000,27
2025-Jul-18 01:30:00.000,28
2025-Jul-18 01:45:00.000,28
2025-Jul-18 02:00:00.000,28
2025-Jul-18 02:15:00.000,28
2025-Jul-18 02:30:00.000,27
2025-Jul-18 02:45:00.000,28
2025-Jul-18 03:00:00.000,28
2025-Jul-18 03:15:00.000,28
2025-Jul-18 03:30:00.000,28
2025-Jul-18 03:45:00.000,27
2025-Jul-18 04:00:00.000,28
2025-Jul-18 04:15:00.000,27
2025-Jul-18 04:30:00.000,28
2025-Jul-18 04:45:00.000,28
2025-Jul-18 05:00:00.000,27
2025-Jul-18 05:15:00.000,28
2025-Jul-18 05:30:00.000,26
2025-Jul-18 05:45:00.000,28
2025-Jul-18 06:00:00.000,27
2025-Jul-18 06:15:00.000,27
2025-Jul-18 06:30:00.000,28
2025-Jul-18 06:45:00.000,29
2025-Jul-18 07:00:00.000,27
2025-Jul-18 07:15:00.000,28
2025-Jul-18 07:30:00.000,29
2025-Jul-18 07:45:00.000,28
2025-Jul-18 08:00:00.000,29
2025-Jul-18 08:15:00.000,29
2025-Jul-18 08:30:00.000,31
2025-Jul-18 08:45:00.000,31
2025-Jul-18 09:00:00.000,31
2025-Jul-18 09:15:00.000,31
2025-Jul-18 09:30:00.000,30
2025-Jul-18 09:45:00.000,30
2025-Jul-18 10:00:00.000,30
2025-Jul-18 10:15:00.000,29
2025-Jul-18 10:30:00.000,30
2025-Jul-18 10:45:00.000,29
2025-Jul-18 11:00:00.000,21
2025-Jul-18 11:15:00.000,31
2025-Jul-18 11:30:00.000,30
2025-Jul-18 11:45:00.000,30
2025-Jul-18 12:00:00.000,30
2025-Jul-18 12:15:00.000,32
2025-Jul-18 12:30:00.000,32
2025-Jul-18 12:45:00.000,32
2025-Jul-18 13:00:00.000,32
2025-Jul-18 13:15:00.000,33
2025-Jul-18 13:30:00.000,33
2025-Jul-18 13:45:00.000,33
2025-Jul-18 14:00:00.000,34
2025-Jul-18 14:15:00.000,33
2025-Jul-18 14:30:00.000,35
2025-Jul-18 14:45:00.000,37
2025-Jul-18 15:00:00.000,38
2025-Jul-18 15:15:00.000,35
2025-Jul-18 15:30:00.000,35
2025-Jul-18 15:45:00.000,34
2025-Jul-18 16:00:00.000,35
2025-Jul-18 16:15:00.000,34
2025-Jul-18 16:30:00.000,34
2025-Jul-18 16:45:00.000,33
2025-Jul-18 17:00:00.000,34
2025-Jul-18 17:15:00.000,33
2025-Jul-18 17:30:00.000,34
2025-Jul-18 17:45:00.000,34
2025-Jul-18 18:00:00.000,34
2025-Jul-18 18:15:00.000,35
2025-Jul-18 18:30:00.000,33
2025-Jul-18 18:45:00.000,33
2025-Jul-18 19:00:00.000,33
2025-Jul-18 19:15:00.000,33
2025-Jul-18 19:30:00.000,33
2025-Jul-18 19:45:00.000,34
2025-Jul-18 20:00:00.000,32
2025-Jul-18 20:15:00.000,32
2025-Jul-18 20:30:00.000,33
2025-Jul-18 20:45:00.000,34
2025-Jul-18 21:00:00.000,33
2025-Jul-18 21:15:00.000,33
2025-Jul-18 21:30:00.000,33
2025-Jul-18 21:45:00.000,22
2025-Jul-18 22:00:00.000,32
2025-Jul-18 22:15:00.000,33
2025-Jul-18 22:30:00.000,32
2025-Jul-18 22:45:00.000,33
2025-Jul-18 23:00:00.000,33
2025-Jul-18 23:15:00.000,33
2025-Jul-18 23:30:00.000,33
2025-Jul-18 23:45:00.000,32
2025-Jul-19 00:00:00.000,33
2025-Jul-19 00:15:00.000,32
2025-Jul-19 00:30:00.000,33
2025-Jul-19 00:45:00.000,32
2025-Jul-19 01:00:00.000,33
2025-Jul-19 01:15:00.000,32
2025-Jul-19 01:30:00.000,32
2025-Jul-19 01:45:00.000,33
2025-Jul-19 02:00:00.000,32
2025-Jul-19 02:15:00.000,32
2025-Jul-19 02:30:00.000,31
2025-Jul-19 02:45:00.000,33
2025-Jul-19 03:00:00.000,34
2025-Jul-19 03:15:00.000,32
2025-Jul-19 03:30:00.000,33
2025-Jul-19 03:45:00.000,32
2025-Jul-19 04:00:00.000,31
2025-Jul-19 04:15:00.000,29
2025-Jul-19 04:30:00.000,29
2025-Jul-19 04:45:00.000,28
2025-Jul-19 05:00:00.000,28
2025-Jul-19 05:15:00.000,27
2025-Jul-19 05:30:00.000,27
2025-Jul-19 05:45:00.000,28
2025-Jul-19 06:00:00.000,28
2025-Jul-19 06:15:00.000,29
2025-Jul-19 06:30:00.000,30
2025-Jul-19 06:45:00.000,31
2025-Jul-19 07:00:00.000,30
2025-Jul-19 07:15:00.000,31
2025-Jul-19 07:30:00.000,32
2025-Jul-19 07:45:00.000,32
2025-Jul-19 08:00:00.000,33
2025-Jul-19 08:15:00.000,23
2025-Jul-19 08:30:00.000,33
2025-Jul-19 08:45:00.000,33
2025-Jul-19 09:00:00.000,33
2025-Jul-19 09:15:00.000,33
2025-Jul-19 09:30:00.000,33
2025-Jul-19 09:45:00.000,33
2025-Jul-19 10:00:00.000,33
2025-Jul-19 10:15:00.000,33
2025-Jul-19 10:30:00.000,34
2025-Jul-19 10:45:00.000,34
2025-Jul-19 11:00:00.000,35
2025-Jul-19 11:15:00.000,34
2025-Jul-19 11:30:00.000,35
2025-Jul-19 11:45:00.000,34
2025-Jul-19 12:00:00.000,36
2025-Jul-19 12:15:00.000,34
2025-Jul-19 12:30:00.000,35
2025-Jul-19 12:45:00.000,34
2025-Jul-19 13:00:00.000,35
2025-Jul-19 13:15:00.000,36
2025-Jul-19 13:30:00.000,35
2025-Jul-19 13:45:00.000,36
2025-Jul-19 14:00:00.000,37
2025-Jul-19 14:15:00.000,36
2025-Jul-19 14:30:00.000,36
2025-Jul-19 14:45:00.000,36
2025-Jul-19 15:00:00.000,36
2025-Jul-19 15:15:00.000,35
2025-Jul-19 15:30:00.000,35
2025-Jul-19 15:45:00.000,35
2025-Jul-19 16:00:00.000,35
2025-Jul-19 16:15:00.000,36
2025-Jul-19 16:30:00.000,37
2025-Jul-19 16:45:00.000,36
2025-Jul-19 17:00:00.000,36
2025-Jul-19 17:15:00.000,38
2025-Jul-19 17:30:00.000,36
2025-Jul-19 17:45:00.000,35
2025-Jul-19 18:00:00.000,36
2025-Jul-19 18:15:00.000,36
2025-Jul-19 18:30:00.000,35
2025-Jul-19 18:45:00.000,23
2025-Jul-19 19:00:00.000,35
2025-Jul-19 19:15:00.000,34
2025-Jul-19 19:30:00.000,35
2025-Jul-19 19:45:00.000,35
2025-Jul-19 20:00:00.000,35
2025-Jul-19 20:15:00.000,35
2025-Jul-19 20:30:00.000,35
2025-Jul-19 20:45:00.000,37
2025-Jul-19 21:00:00.000,35
2025-Jul-19 21:15:00.000,37
2025-Jul-19 21:30:00.000,36
2025-Jul-19 21:45:00.000,36
2025-Jul-19 22:00:00.000,37
2025-Jul-19 22:15:00.000,36
2025-Jul-19 22:30:00.000,36
2025-Jul-19 22:45:00.000,36
2025-Jul-19 23:00:00.000,35
2025-Jul-19 23:15:00.000,36
2025-Jul-19 23:30:00.000,35
2025-Jul-19 23:45:00.000,36
2025-Jul-20 00:00:00.000,35
2025-Jul-20 00:15:00.000,36
2025-Jul-20 00:30:00.000,35
2025-Jul-20 00:45:00.000,34
2025-Jul-20 01:00:00.000,36
2025-Jul-20 01:15:00.000,34
2025-Jul-20 01:30:00.000,34
2025-Jul-20 01:45:00.000,34
2025-Jul-20 02:00:00.000,34
2025-Jul-20 02:15:00.000,34
2025-Jul-20 02:30:00.000,33
2025-Jul-20 02:45:00.000,33
2025-Jul-20 03:00:00.000,33
2025-Jul-20 03:15:00.000,32
2025-Jul-20 03:30:00.000,33
2025-Jul-20 03:45:00.000,32
2025-Jul-20 04:00:00.000,32
2025-Jul-20 04:15:00.000,32
2025-Jul-20 04:30:00.000,32
2025-Jul-20 04:45:00.000,31
2025-Jul-20 05:00:00.000,22
2025-Jul-20 05:15:00.000,31
2025-Jul-20 05:30:00.000,31
2025-Jul-20 05:45:00.000,32
2025-Jul-20 06:00:00.000,31
2025-Jul-20 06:15:00.000,31
2025-Jul-20 06:30:00.000,31
2025-Jul-20 06:45:00.000,31
2025-Jul-20 07:00:00.000,31
2025-Jul-20 07:15:00.000,31
2025-Jul-20 07:30:00.000,31
2025-Jul-20 07:45:00.000,32
2025-Jul-20 08:00:00.000,32
2025-Jul-20 08:15:00.000,33
2025-Jul-20 08:30:00.000,34
2025-Jul-20 08:45:00.000,35
2025-Jul-20 09:00:00.000,35
2025-Jul-20 09:15:00.000,36
2025-Jul-20 09:30:00.000,36
2025-Jul-20 09:45:00.000,36
2025-Jul-20 10:00:00.000,36
2025-Jul-20 10:15:00.000,36
2025-Jul-20 10:30:00.000,35
2025-Jul-20 10:45:00.000,35
2025-Jul-20 11:00:00.000,36
2025-Jul-20 11:15:00.000,35
2025-Jul-20 11:30:00.000,36
2025-Jul-20 11:45:00.000,35
2025-Jul-20 12:00:00.000,35
2025-Jul-20 12:15:00.000,37
2025-Jul-20 12:30:00.000,37
2025-Jul-20 12:45:00.000,37
2025-Jul-20 13:00:00.000,37
2025-Jul-20 13:15:00.000,36
2025-Jul-20 13:30:00.000,35
2025-Jul-20 13:45:00.000,34
2025-Jul-20 14:00:00.000,35
2025-Jul-20 14:15:00.000,35
2025-Jul-20 14:30:00.000,34
2025-Jul-20 14:45:00.000,34
2025-Jul-20 15:00:00.000,35
2025-Jul-20 15:15:00.000,35
2025-Jul-20 15:30:00.000,34
2025-Jul-20 15:45:00.000,23
2025-Jul-20 16:00:00.000,35
2025-Jul-20 16:15:00.000,37
2025-Jul-20 16:30:00.000,38
2025-Jul-20 16:45:00.000,38
2025-Jul-20 17:00:00.000,37
2025-Jul-20 17:15:00.000,36
2025-Jul-20 17:30:00.000,37
2025-Jul-20 17:45:00.000,37
2025-Jul-20 18:00:00.000,37
2025-Jul-20 18:15:00.000,36
2025-Jul-20 18:30:00.000,36
2025-Jul-20 18:45:00.000,35
2025-Jul-20 19:00:00.000,37
2025-Jul-20 19:15:00.000,38
2025-Jul-20 19:30:00.000,36
2025-Jul-20 19:45:00.000,37
2025-Jul-20 20:00:00.000,36
2025-Jul-20 20:15:00.000,36
2025-Jul-20 20:30:00.000,36
2025-Jul-20 20:45:00.000,36
2025-Jul-20 21:00:00.000,35
2025-Jul-20 21:15:00.000,36
2025-Jul-20 21:30:00.000,35
2025-Jul-20 21:45:00.000,35
2025-Jul-20 22:00:00.000,35
2025-Jul-20 22:15:00.000,36
2025-Jul-20 22:30:00.000,35
2025-Jul-20 22:45:00.000,35
2025-Jul-20 23:00:00.000,35
2025-Jul-20 23:15:00.000,35
2025-Jul-20 23:30:00.000,34
2025-Jul-20 23:45:00.000,35
2025-Jul-21 00:00:00.000,34
2025-Jul-21 00:15:00.000,35
2025-Jul-21 00:30:00.000,34
2025-Jul-21 00:45:00.000,34
2025-Jul-21 01:00:00.000,35
2025-Jul-21 01:15:00.000,34
2025-Jul-21 01:30:00.000,35
2025-Jul-21 01:45:00.000,35
2025-Jul-21 02:00:00.000,34
2025-Jul-21 02:15:00.000,35
2025-Jul-21 02:30:00.000,35
2025-Jul-21 02:45:00.000,35
2025-Jul-21 03:00:00.000,24
2025-Jul-21 03:15:00.000,34
2025-Jul-21 03:30:00.000,34
2025-Jul-21 03:45:00.000,34
2025-Jul-21 04:00:00.000,34
2025-Jul-21 04:15:00.000,33
2025-Jul-21 04:30:00.000,33
2025-Jul-21 04:45:00.000,32
2025-Jul-21 05:00:00.000,32
2025-Jul-21 05:15:00.000,33
2025-Jul-21 05:30:00.000,32
2025-Jul-21 05:45:00.000,32
2025-Jul-21 06:00:00.000,32
2025-Jul-21 06:15:00.000,33
2025-Jul-21 06:30:00.000,33
2025-Jul-21 06:45:00.000,34
2025-Jul-21 07:00:00.000,33
2025-Jul-21 07:15:00.000,33
2025-Jul-21 07:30:00.000,33
2025-Jul-21 07:45:00.000,34
2025-Jul-21 08:00:00.000,35
2025-Jul-21 08:15:00.000,35
2025-Jul-21 08:30:00.000,37
2025-Jul-21 08:45:00.000,37
2025-Jul-21 09:00:00.000,38
2025-Jul-21 09:15:00.000,38
2025-Jul-21 09:30:00.000,40
2025-Jul-21 09:45:00.000,40
2025-Jul-21 10:00:00.000,41
2025-Jul-21 10:15:00.000,41
2025-Jul-21 10:30:00.000,41
2025-Jul-21 10:45:00.000,40
2025-Jul-21 11:00:00.000,42
2025-Jul-21 11:15:00.000,43
2025-Jul-21 11:30:00.000,44
2025-Jul-21 11:45:00.000,44
2025-Jul-21 12:00:00.000,44
2025-Jul-21 12:15:00.000,45
2025-Jul-21 12:30:00.000,44
2025-Jul-21 12:45:00.000,46
2025-Jul-21 13:00:00.000,46
2025-Jul-21 13:15:00.000,46
2025-Jul-21 13:30:00.000,46
2025-Jul-21 13:45:00.000,46
2025-Jul-21 14:00:00.000,46
2025-Jul-21 14:15:00.000,47
2025-Jul-21 14:30:00.000,50
2025-Jul-21 14:45:00.000,53
2025-Jul-21 15:00:00.000,36
2025-Jul-21 15:15:00.000,53
2025-Jul-21 15:30:00.000,52
2025-Jul-21 15:45:00.000,49
2025-Jul-21 16:00:00.000,50
2025-Jul-21 16:15:00.000,50
2025-Jul-21 16:30:00.000,50
2025-Jul-21 16:45:00.000,49
2025-Jul-21 17:00:00.000,48
2025-Jul-21 17:15:00.000,50
2025-Jul-21 17:30:00.000,50
2025-Jul-21 17:45:00.000,47
2025-Jul-21 18:00:00.000,46
2025-Jul-21 18:15:00.000,45
2025-Jul-21 18:30:00.000,46
2025-Jul-21 18:45:00.000,47
2025-Jul-21 19:00:00.000,45
2025-Jul-21 19:15:00.000,45
2025-Jul-21 19:30:00.000,43
2025-Jul-21 19:45:00.000,43
2025-Jul-21 20:00:00.000,43
2025-Jul-21 20:15:00.000,42
2025-Jul-21 20:30:00.000,41
2025-Jul-21 20:45:00.000,43
2025-Jul-21 21:00:00.000,41
2025-Jul-21 21:15:00.000,41
2025-Jul-21 21:30:00.000,41
2025-Jul-21 21:45:00.000,40
2025-Jul-21 22:00:00.000,40
2025-Jul-21 22:15:00.000,41
2025-Jul-21 22:30:00.000,40
2025-Jul-21 22:45:00.000,40
2025-Jul-21 23:00:00.000,40
2025-Jul-21 23:15:00.000,40
2025-Jul-21 23:30:00.000,40
2025-Jul-21 23:45:00.000,40
2025-Jul-22 00:00:00.000,40
2025-Jul-22 00:15:00.000,39
2025-Jul-22 00:30:00.000,39
2025-Jul-22 00:45:00.000,38
2025-Jul-22 01:00:00.000,39
2025-Jul-22 01:15:00.000,39
2025-Jul-22 01:30:00.000,40
2025-Jul-22 01:45:00.000,40
2025-Jul-22 02:00:00.000,39
2025-Jul-22 02:15:00.000,39
2025-Jul-22 02:30:00.000,40
2025-Jul-22 02:45:00.000,39
2025-Jul-22 03:00:00.000,27
2025-Jul-22 03:15:00.000,39
2025-Jul-22 03:30:00.000,39
2025-Jul-22 03:45:00.000,38
2025-Jul-22 04:00:00.000,38
2025-Jul-22 04:15:00.000,39
2025-Jul-22 04:30:00.000,39
2025-Jul-22 04:45:00.000,38
2025-Jul-22 05:00:00.000,39
2025-Jul-22 05:15:00.000,38
2025-Jul-22 05:30:00.000,38
2025-Jul-22 05:45:00.000,37
2025-Jul-22 06:00:00.000,37
2025-Jul-22 06:15:00.000,38
2025-Jul-22 06:30:00.000,40
2025-Jul-22 06:45:00.000,39
2025-Jul-22 07:00:00.000,40
2025-Jul-22 07:15:00.000,40
2025-Jul-22 07:30:00.000,39
2025-Jul-22 07:45:00.000,40
2025-Jul-22 08:00:00.000,41
2025-Jul-22 08:15:00.000,40
2025-Jul-22 08:30:00.000,42
2025-Jul-22 08:45:00.000,42
2025-Jul-22 09:00:00.000,45
2025-Jul-22 09:15:00.000,45
2025-Jul-22 09:30:00.000,46
2025-Jul-22 09:45:00.000,47
2025-Jul-22 10:00:00.000,47
2025-Jul-22 10:15:00.000,49
2025-Jul-22 10:30:00.000,48
2025-Jul-22 10:45:00.000,48
2025-Jul-22 11:00:00.000,48
2025-Jul-22 11:15:00.000,47
2025-Jul-22 11:30:00.000,48
2025-Jul-22 11:45:00.000,46
2025-Jul-22 12:00:00.000,47
2025-Jul-22 12:15:00.000,46
2025-Jul-22 12:30:00.000,48
2025-Jul-22 12:45:00.000,48
2025-Jul-22 13:00:00.000,47
2025-Jul-22 13:15:00.000,47
2025-Jul-22 13:30:00.000,51
2025-Jul-22 13:45:00.000,51
2025-Jul-22 14:00:00.000,51
2025-Jul-22 14:15:00.000,52
2025-Jul-22 14:30:00.000,35
2025-Jul-22 14:45:00.000,52
2025-Jul-22 15:00:00.000,53
2025-Jul-22 15:15:00.000,52
2025-Jul-22 15:30:00.000,53
2025-Jul-22 15:45:00.000,52
2025-Jul-22 16:00:00.000,53
2025-Jul-22 16:15:00.000,52
2025-Jul-22 16:30:00.000,52
2025-Jul-22 16:45:00.000,53
2025-Jul-22 17:00:00.000,52
2025-Jul-22 17:15:00.000,48
2025-Jul-22 17:30:00.000,47
2025-Jul-22 17:45:00.000,47
2025-Jul-22 18:00:00.000,45
2025-Jul-22 18:15:00.000,45
2025-Jul-22 18:30:00.000,43
2025-Jul-22 18:45:00.000,41
2025-Jul-22 19:00:00.000,40
2025-Jul-22 19:15:00.000,40
2025-Jul-22 19:30:00.000,39
2025-Jul-22 19:45:00.000,41
2025-Jul-22 20:00:00.000,41
2025-Jul-22 20:15:00.000,42
2025-Jul-22 20:30:00.000,40
2025-Jul-22 20:45:00.000,38
2025-Jul-22 21:00:00.000,39
2025-Jul-22 21:15:00.000,38
2025-Jul-22 21:30:00.000,39
2025-Jul-22 21:45:00.000,38
2025-Jul-22 22:00:00.000,39
2025-Jul-22 22:15:00.000,38
2025-Jul-22 22:30:00.000,38
2025-Jul-22 22:45:00.000,39
2025-Jul-22 23:00:00.000,39
2025-Jul-22 23:15:00.000,40
2025-Jul-22 23:30:00.000,40
2025-Jul-22 23:45:00.000,40
2025-Jul-23 00:00:00.000,40
2025-Jul-23 00:15:00.000,39
2025-Jul-23 00:30:00.000,39
2025-Jul-23 00:45:00.000,39
2025-Jul-23 01:00:00.000,38
2025-Jul-23 01:15:00.000,25
2025-Jul-23 01:30:00.000,38
2025-Jul-23 01:45:00.000,38
2025-Jul-23 02:00:00.000,36
2025-Jul-23 02:15:00.000,38
2025-Jul-23 02:30:00.000,36
2025-Jul-23 02:45:00.000,36
2025-Jul-23 03:00:00.000,36
2025-Jul-23 03:15:00.000,36
2025-Jul-23 03:30:00.000,36
2025-Jul-23 03:45:00.000,37
2025-Jul-23 04:00:00.000,37
2025-Jul-23 04:15:00.000,38
2025-Jul-23 04:30:00.000,36
2025-Jul-23 04:45:00.000,38
2025-Jul-23 05:00:00.000,36
2025-Jul-23 05:15:00.000,37
2025-Jul-23 05:30:00.000,37
2025-Jul-23 05:45:00.000,37
2025-Jul-23 06:00:00.000,36
2025-Jul-23 06:15:00.000,37
2025-Jul-23 06:30:00.000,38
2025-Jul-23 06:45:00.000,39
2025-Jul-23 07:00:00.000,38
2025-Jul-23 07:15:00.000,39
2025-Jul-23 07:30:00.000,39
2025-Jul-23 07:45:00.000,40
2025-Jul-23 08:00:00.000,40
2025-Jul-23 08:15:00.000,41
2025-Jul-23 08:30:00.000,42
2025-Jul-23 08:45:00.000,43
2025-Jul-23 09:00:00.000,42
2025-Jul-23 09:15:00.000,43
2025-Jul-23 09:30:00.000,43
2025-Jul-23 09:45:00.000,43
2025-Jul-23 10:00:00.000,44
2025-Jul-23 10:15:00.000,43
2025-Jul-23 10:30:00.000,42
2025-Jul-23 10:45:00.000,43
2025-Jul-23 11:00:00.000,43
2025-Jul-23 11:15:00.000,43
2025-Jul-23 11:30:00.000,44
2025-Jul-23 11:45:00.000,45
2025-Jul-23 12:00:00.000,43
2025-Jul-23 12:15:00.000,43
2025-Jul-23 12:30:00.000,29
2025-Jul-23 12:45:00.000,46
2025-Jul-23 13:00:00.000,47
2025-Jul-23 13:15:00.000,45
2025-Jul-23 13:30:00.000,47
2025-Jul-23 13:45:00.000,48
2025-Jul-23 14:00:00.000,48
2025-Jul-23 14:15:00.000,49
2025-Jul-23 14:30:00.000,51
2025-Jul-23 14:45:00.000,52
2025-Jul-23 15:00:00.000,51
2025-Jul-23 15:15:00.000,48
2025-Jul-23 15:30:00.000,46
2025-Jul-23 15:45:00.000,44
2025-Jul-23 16:00:00.000,46
2025-Jul-23 16:15:00.000,45
2025-Jul-23 16:30:00.000,44
2025-Jul-23 16:45:00.000,45
2025-Jul-23 17:00:00.000,47
2025-Jul-23 17:15:00.000,47
2025-Jul-23 17:30:00.000,44
2025-Jul-23 17:45:00.000,41
2025-Jul-23 18:00:00.000,38
2025-Jul-23 18:15:00.000,37
2025-Jul-23 18:30:00.000,33
2025-Jul-23 18:45:00.000,32
2025-Jul-23 19:00:00.000,34
2025-Jul-23 19:15:00.000,32
2025-Jul-23 19:30:00.000,32
2025-Jul-23 19:45:00.000,31
2025-Jul-23 20:00:00.000,31
2025-Jul-23 20:15:00.000,29
2025-Jul-23 20:30:00.000,30
2025-Jul-23 20:45:00.000,31
2025-Jul-23 21:00:00.000,31
2025-Jul-23 21:15:00.000,30
2025-Jul-23 21:30:00.000,31
2025-Jul-23 21:45:00.000,29
2025-Jul-23 22:00:00.000,30
2025-Jul-23 22:15:00.000,29
2025-Jul-23 22:30:00.000,29
2025-Jul-23 22:45:00.000,29
2025-Jul-23 23:00:00.000,30
2025-Jul-23 23:15:00.000,19
2025-Jul-23 23:30:00.000,30
2025-Jul-23 23:45:00.000,29
2025-Jul-24 00:00:00.000,31
2025-Jul-24 00:15:00.000,30
2025-Jul-24 00:30:00.000,30
2025-Jul-24 00:45:00.000,31
2025-Jul-24 01:00:00.000,30
2025-Jul-24 01:15:00.000,30
2025-Jul-24 01:30:00.000,30
2025-Jul-24 01:45:00.000,30
2025-Jul-24 02:00:00.000,30
2025-Jul-24 02:15:00.000,30
2025-Jul-24 02:30:00.000,30
2025-Jul-24 02:45:00.000,30
2025-Jul-24 03:00:00.000,30
2025-Jul-24 03:15:00.000,31
2025-Jul-24 03:30:00.000,30
2025-Jul-24 03:45:00.000,31
2025-Jul-24 04:00:00.000,30
2025-Jul-24 04:15:00.000,31
2025-Jul-24 04:30:00.000,31
2025-Jul-24 04:45:00.000,31
2025-Jul-24 05:00:00.000,31
2025-Jul-24 05:15:00.000,30
2025-Jul-24 05:30:00.000,31
2025-Jul-24 05:45:00.000,31
2025-Jul-24 06:00:00.000,31
2025-Jul-24 06:15:00.000,32
2025-Jul-24 06:30:00.000,32
2025-Jul-24 06:45:00.000,33
2025-Jul-24 07:00:00.000,31
2025-Jul-24 07:15:00.000,33
2025-Jul-24 07:30:00.000,34
2025-Jul-24 07:45:00.000,33
2025-Jul-24 08:00:00.000,34
2025-Jul-24 08:15:00.000,34
2025-Jul-24 08:30:00.000,33
2025-Jul-24 08:45:00.000,33
2025-Jul-24 09:00:00.000,34
2025-Jul-24 09:15:00.000,34
2025-Jul-24 09:30:00.000,35
2025-Jul-24 09:45:00.000,23
2025-Jul-24 10:00:00.000,36
2025-Jul-24 10:15:00.000,36
2025-Jul-24 10:30:00.000,34
2025-Jul-24 10:45:00.000,35
2025-Jul-24 11:00:00.000,32
2025-Jul-24 11:15:00.000,35
2025-Jul-24 11:30:00.000,34
2025-Jul-24 11:45:00.000,35
2025-Jul-24 12:00:00.000,35
2025-Jul-24 12:15:00.000,37
2025-Jul-24 12:30:00.000,37
2025-Jul-24 12:45:00.000,37
2025-Jul-24 13:00:00.000,36
2025-Jul-24 13:15:00.000,36
2025-Jul-24 13:30:00.000,36
2025-Jul-24 13:45:00.000,37
2025-Jul-24 14:00:00.000,36
2025-Jul-24 14:15:00.000,39
2025-Jul-24 14:30:00.000,40
2025-Jul-24 14:45:00.000,40
2025-Jul-24 15:00:00.000,41
2025-Jul-24 15:15:00.000,39
2025-Jul-24 15:30:00.000,39
2025-Jul-24 15:45:00.000,39
2025-Jul-24 16:00:00.000,40
2025-Jul-24 16:15:00.000,37
2025-Jul-24 16:30:00.000,37
2025-Jul-24 16:45:00.000,35
2025-Jul-24 17:00:00.000,37
2025-Jul-24 17:15:00.000,38
2025-Jul-24 17:30:00.000,38
2025-Jul-24 17:45:00.000,38
2025-Jul-24 18:00:00.000,37
2025-Jul-24 18:15:00.000,35
2025-Jul-24 18:30:00.000,33
2025-Jul-24 18:45:00.000,31
2025-Jul-24 19:00:00.000,32
2025-Jul-24 19:15:00.000,32
2025-Jul-24 19:30:00.000,31
2025-Jul-24 19:45:00.000,31
2025-Jul-24 20:00:00.000,20
2025-Jul-24 20:15:00.000,31
2025-Jul-24 20:30:00.000,30
2025-Jul-24 20:45:00.000,30
2025-Jul-24 21:00:00.000,31
2025-Jul-24 21:15:00.000,29
2025-Jul-24 21:30:00.000,29
2025-Jul-24 21:45:00.000,30
2025-Jul-24 22:00:00.000,29
2025-Jul-24 22:15:00.000,29
2025-Jul-24 22:30:00.000,28
2025-Jul-24 22:45:00.000,29
2025-Jul-24 23:00:00.000,30
2025-Jul-24 23:15:00.000,30
2025-Jul-24 23:30:00.000,30
2025-Jul-24 23:45:00.000,28
2025-Jul-25 00:00:00.000,29
2025-Jul-25 00:15:00.000,30
2025-Jul-25 00:30:00.000,29
2025-Jul-25 00:45:00.000,30
2025-Jul-25 01:00:00.000,29
2025-Jul-25 01:15:00.000,31
2025-Jul-25 01:30:00.000,30
2025-Jul-25 01:45:00.000,30
2025-Jul-25 02:00:00.000,30
2025-Jul-25 02:15:00.000,31
2025-Jul-25 02:30:00.000,30
2025-Jul-25 02:45:00.000,30
2025-Jul-25 03:00:00.000,30
2025-Jul-25 03:15:00.000,30
2025-Jul-25 03:30:00.000,30
2025-Jul-25 03:45:00.000,31
2025-Jul-25 04:00:00.000,32
2025-Jul-25 04:15:00.000,31
2025-Jul-25 04:30:00.000,30
2025-Jul-25 04:45:00.000,31
2025-Jul-25 05:00:00.000,31
2025-Jul-25 05:15:00.000,30
2025-Jul-25 05:30:00.000,30
2025-Jul-25 05:45:00.000,31
2025-Jul-25 06:00:00.000,30
2025-Jul-25 06:15:00.000,21
2025-Jul-25 06:30:00.000,32
2025-Jul-25 06:45:00.000,32
2025-Jul-25 07:00:00.000,33
2025-Jul-25 07:15:00.000,33
2025-Jul-25 07:30:00.000,34
2025-Jul-25 07:45:00.000,34
2025-Jul-25 08:00:00.000,35
2025-Jul-25 08:15:00.000,35
2025-Jul-25 08:30:00.000,35
2025-Jul-25 08:45:00.000,36
2025-Jul-25 09:00:00.000,36
2025-Jul-25 09:15:00.000,37
2025-Jul-25 09:30:00.000,37
2025-Jul-25 09:45:00.000,36
2025-Jul-25 10:00:00.000,39
2025-Jul-25 10:15:00.000,39
2025-Jul-25 10:30:00.000,38
2025-Jul-25 10:45:00.000,39
2025-Jul-25 11:00:00.000,39
2025-Jul-25 11:15:00.000,40
2025-Jul-25 11:30:00.000,40
2025-Jul-25 11:45:00.000,38
2025-Jul-25 12:00:00.000,37
2025-Jul-25 12:15:00.000,39
2025-Jul-25 12:30:00.000,39
2025-Jul-25 12:45:00.000,40
2025-Jul-25 13:00:00.000,40
2025-Jul-25 13:15:00.000,39
2025-Jul-25 13:30:00.000,39
2025-Jul-25 13:45:00.000,39
2025-Jul-25 14:00:00.000,40
2025-Jul-25 14:15:00.000,40
2025-Jul-25 14:30:00.000,41
2025-Jul-25 14:45:00.000,40
2025-Jul-25 15:00:00.000,39
2025-Jul-25 15:15:00.000,38
2025-Jul-25 15:30:00.000,37
2025-Jul-25 15:45:00.000,37
2025-Jul-25 16:00:00.000,37
2025-Jul-25 16:15:00.000,26
2025-Jul-25 16:30:00.000,45
2025-Jul-25 16:45:00.000,48
2025-Jul-25 17:00:00.000,47
2025-Jul-25 17:15:00.000,47
2025-Jul-25 17:30:00.000,46
2025-Jul-25 17:45:00.000,45
2025-Jul-25 18:00:00.000,45
2025-Jul-25 18:15:00.000,42
2025-Jul-25 18:30:00.000,40
2025-Jul-25 18:45:00.000,38
2025-Jul-25 19:00:00.000,39
2025-Jul-25 19:15:00.000,38
2025-Jul-25 19:30:00.000,36
2025-Jul-25 19:45:00.000,36
2025-Jul-25 20:00:00.000,35
2025-Jul-25 20:15:00.000,34
2025-Jul-25 20:30:00.000,34
2025-Jul-25 20:45:00.000,33
2025-Jul-25 21:00:00.000,33
2025-Jul-25 21:15:00.000,34
2025-Jul-25 21:30:00.000,32
2025-Jul-25 21:45:00.000,33
2025-Jul-25 22:00:00.000,32
2025-Jul-25 22:15:00.000,32
2025-Jul-25 22:30:00.000,32
2025-Jul-25 22:45:00.000,32
2025-Jul-25 23:00:00.000,33
2025-Jul-25 23:15:00.000,32
2025-Jul-25 23:30:00.000,32
2025-Jul-25 23:45:00.000,34
2025-Jul-26 00:00:00.000,33
2025-Jul-26 00:15:00.000,34
2025-Jul-26 00:30:00.000,36
2025-Jul-26 00:45:00.000,34
2025-Jul-26 01:00:00.000,35
2025-Jul-26 01:15:00.000,34
2025-Jul-26 01:30:00.000,35
2025-Jul-26 01:45:00.000,35
2025-Jul-26 02:00:00.000,34
2025-Jul-26 02:15:00.000,33
2025-Jul-26 02:30:00.000,35
2025-Jul-26 02:45:00.000,34
2025-Jul-26 03:00:00.000,33
2025-Jul-26 03:15:00.000,33
2025-Jul-26 03:30:00.000,34
2025-Jul-26 03:45:00.000,34
2025-Jul-26 04:00:00.000,22
2025-Jul-26 04:15:00.000,34
2025-Jul-26 04:30:00.000,32
2025-Jul-26 04:45:00.000,32
2025-Jul-26 05:00:00.000,32
2025-Jul-26 05:15:00.000,32
2025-Jul-26 05:30:00.000,32
2025-Jul-26 05:45:00.000,31
2025-Jul-26 06:00:00.000,32
2025-Jul-26 06:15:00.000,32
2025-Jul-26 06:30:00.000,33
2025-Jul-26 06:45:00.000,31
2025-Jul-26 07:00:00.000,33
2025-Jul-26 07:15:00.000,32
2025-Jul-26 07:30:00.000,34
2025-Jul-26 07:45:00.000,32
2025-Jul-26 08:00:00.000,33
2025-Jul-26 08:15:00.000,34
2025-Jul-26 08:30:00.000,34
2025-Jul-26 08:45:00.000,36
2025-Jul-26 09:00:00.000,35
2025-Jul-26 09:15:00.000,36
2025-Jul-26 09:30:00.000,34
2025-Jul-26 09:45:00.000,34
2025-Jul-26 10:00:00.000,33
2025-Jul-26 10:15:00.000,34
2025-Jul-26 10:30:00.000,34
2025-Jul-26 10:45:00.000,36
2025-Jul-26 11:00:00.000,36
2025-Jul-26 11:15:00.000,38
2025-Jul-26 11:30:00.000,37
2025-Jul-26 11:45:00.000,38
2025-Jul-26 12:00:00.000,38
2025-Jul-26 12:15:00.000,36
2025-Jul-26 12:30:00.000,38
2025-Jul-26 12:45:00.000,37
2025-Jul-26 13:00:00.000,37
2025-Jul-26 13:15:00.000,39
2025-Jul-26 13:30:00.000,39
2025-Jul-26 13:45:00.000,39
2025-Jul-26 14:00:00.000,42
2025-Jul-26 14:15:00.000,40
2025-Jul-26 14:30:00.000,39
2025-Jul-26 14:45:00.000,40
2025-Jul-26 15:00:00.000,39
2025-Jul-26 15:15:00.000,38
2025-Jul-26 15:30:00.000,38
2025-Jul-26 15:45:00.000,38
2025-Jul-26 16:00:00.000,38
2025-Jul-26 16:15:00.000,38
2025-Jul-26 16:30:00.000,26
2025-Jul-26 16:45:00.000,38
2025-Jul-26 17:00:00.000,39
2025-Jul-26 17:15:00.000,38
2025-Jul-26 17:30:00.000,38
2025-Jul-26 17:45:00.000,39
2025-Jul-26 18:00:00.000,43
2025-Jul-26 18:15:00.000,43
2025-Jul-26 18:30:00.000,42
2025-Jul-26 18:45:00.000,40
2025-Jul-26 19:00:00.000,41
2025-Jul-26 19:15:00.000,41
2025-Jul-26 19:30:00.000,41
2025-Jul-26 19:45:00.000,41
2025-Jul-26 20:00:00.000,41
2025-Jul-26 20:15:00.000,40
2025-Jul-26 20:30:00.000,41
2025-Jul-26 20:45:00.000,40
2025-Jul-26 21:00:00.000,40
2025-Jul-26 21:15:00.000,38
2025-Jul-26 21:30:00.000,39
2025-Jul-26 21:45:00.000,38
2025-Jul-26 22:00:00.000,39
2025-Jul-26 22:15:00.000,38
2025-Jul-26 22:30:00.000,36
2025-Jul-26 22:45:00.000,38
2025-Jul-26 23:00:00.000,37
2025-Jul-26 23:15:00.000,38
2025-Jul-26 23:30:00.000,37
2025-Jul-26 23:45:00.000,37
2025-Jul-27 00:00:00.000,37
2025-Jul-27 00:15:00.000,37
2025-Jul-27 00:30:00.000,37
2025-Jul-27 00:45:00.000,38
2025-Jul-27 01:00:00.000,38
2025-Jul-27 01:15:00.000,38
2025-Jul-27 01:30:00.000,36
2025-Jul-27 01:45:00.000,37
2025-Jul-27 02:00:00.000,35
2025-Jul-27 02:15:00.000,35
2025-Jul-27 02:30:00.000,33
2025-Jul-27 02:45:00.000,34
2025-Jul-27 03:00:00.000,34
2025-Jul-27 03:15:00.000,34
2025-Jul-27 03:30:00.000,22
2025-Jul-27 03:45:00.000,34
2025-Jul-27 04:00:00.000,33
2025-Jul-27 04:15:00.000,32
2025-Jul-27 04:30:00.000,33
2025-Jul-27 04:45:00.000,32
2025-Jul-27 05:00:00.000,32
2025-Jul-27 05:15:00.000,31
2025-Jul-27 05:30:00.000,32
2025-Jul-27 05:45:00.000,32
2025-Jul-27 06:00:00.000,31
2025-Jul-27 06:15:00.000,30
2025-Jul-27 06:30:00.000,31
2025-Jul-27 06:45:00.000,32
2025-Jul-27 07:00:00.000,31
2025-Jul-27 07:15:00.000,32
2025-Jul-27 07:30:00.000,31
2025-Jul-27 07:45:00.000,33
2025-Jul-27 08:00:00.000,32
2025-Jul-27 08:15:00.000,32
2025-Jul-27 08:30:00.000,32
2025-Jul-27 08:45:00.000,33
2025-Jul-27 09:00:00.000,33
2025-Jul-27 09:15:00.000,32
2025-Jul-27 09:30:00.000,33
2025-Jul-27 09:45:00.000,31
2025-Jul-27 10:00:00.000,33
2025-Jul-27 10:15:00.000,32
2025-Jul-27 10:30:00.000,32
2025-Jul-27 10:45:00.000,33
2025-Jul-27 11:00:00.000,33
2025-Jul-27 11:15:00.000,33
2025-Jul-27 11:30:00.000,33
2025-Jul-27 11:45:00.000,34
2025-Jul-27 12:00:00.000,33
2025-Jul-27 12:15:00.000,34
2025-Jul-27 12:30:00.000,33
2025-Jul-27 12:45:00.000,33
2025-Jul-27 13:00:00.000,33
2025-Jul-27 13:15:00.000,34
2025-Jul-27 13:30:00.000,34
2025-Jul-27 13:45:00.000,35
2025-Jul-27 14:00:00.000,35
2025-Jul-27 14:15:00.000,23
2025-Jul-27 14:30:00.000,34
2025-Jul-27 14:45:00.000,35
2025-Jul-27 15:00:00.000,35
2025-Jul-27 15:15:00.000,34
2025-Jul-27 15:30:00.000,36
2025-Jul-27 15:45:00.000,36
2025-Jul-27 16:00:00.000,40
2025-Jul-27 16:15:00.000,43
2025-Jul-27 16:30:00.000,42
2025-Jul-27 16:45:00.000,41
2025-Jul-27 17:00:00.000,42
2025-Jul-27 17:15:00.000,43
2025-Jul-27 17:30:00.000,43
2025-Jul-27 17:45:00.000,45
2025-Jul-27 18:00:00.000,45
2025-Jul-27 18:15:00.000,44
2025-Jul-27 18:30:00.000,42
2025-Jul-27 18:45:00.000,41
2025-Jul-27 19:00:00.000,41
2025-Jul-27 19:15:00.000,40
2025-Jul-27 19:30:00.000,42
2025-Jul-27 19:45:00.000,42
2025-Jul-27 20:00:00.000,42
2025-Jul-27 20:15:00.000,41
2025-Jul-27 20:30:00.000,40
2025-Jul-27 20:45:00.000,40
2025-Jul-27 21:00:00.000,39
2025-Jul-27 21:15:00.000,39
2025-Jul-27 21:30:00.000,39
2025-Jul-27 21:45:00.000,38
2025-Jul-27 22:00:00.000,38
2025-Jul-27 22:15:00.000,37
2025-Jul-27 22:30:00.000,35
2025-Jul-27 22:45:00.000,35
2025-Jul-27 23:00:00.000,35
2025-Jul-27 23:15:00.000,34
2025-Jul-27 23:30:00.000,33
2025-Jul-27 23:45:00.000,35
2025-Jul-28 00:00:00.000,33
2025-Jul-28 00:15:00.000,33
2025-Jul-28 00:30:00.000,34
2025-Jul-28 00:45:00.000,33
2025-Jul-28 01:00:00.000,34
2025-Jul-28 01:15:00.000,34
2025-Jul-28 01:30:00.000,32
2025-Jul-28 01:45:00.000,33
2025-Jul-28 02:00:00.000,23
2025-Jul-28 02:15:00.000,33
2025-Jul-28 02:30:00.000,33
2025-Jul-28 02:45:00.000,33
2025-Jul-28 03:00:00.000,33
2025-Jul-28 03:15:00.000,33
2025-Jul-28 03:30:00.000,33
2025-Jul-28 03:45:00.000,32
2025-Jul-28 04:00:00.000,33
2025-Jul-28 04:15:00.000,32
2025-Jul-28 04:30:00.000,33
2025-Jul-28 04:45:00.000,32
2025-Jul-28 05:00:00.000,33
2025-Jul-28 05:15:00.000,32
2025-Jul-28 05:30:00.000,32
2025-Jul-28 05:45:00.000,33
2025-Jul-28 06:00:00.000,32
2025-Jul-28 06:15:00.000,33
2025-Jul-28 06:30:00.000,34
2025-Jul-28 06:45:00.000,34
2025-Jul-28 07:00:00.000,35
2025-Jul-28 07:15:00.000,35
2025-Jul-28 07:30:00.000,35
2025-Jul-28 07:45:00.000,35
2025-Jul-28 08:00:00.000,36
2025-Jul-28 08:15:00.000,37
2025-Jul-28 08:30:00.000,37
2025-Jul-28 08:45:00.000,39
2025-Jul-28 09:00:00.000,39
2025-Jul-28 09:15:00.000,40
2025-Jul-28 09:30:00.000,41
2025-Jul-28 09:45:00.000,42
2025-Jul-28 10:00:00.000,41
2025-Jul-28 10:15:00.000,43
2025-Jul-28 10:30:00.000,44
2025-Jul-28 10:45:00.000,46
2025-Jul-28 11:00:00.000,45
2025-Jul-28 11:15:00.000,45
2025-Jul-28 11:30:00.000,44
2025-Jul-28 11:45:00.000,45
2025-Jul-28 12:00:00.000,43
2025-Jul-28 12:15:00.000,44
2025-Jul-28 12:30:00.000,42
2025-Jul-28 12:45:00.000,41
2025-Jul-28 13:00:00.000,39
2025-Jul-28 13:15:00.000,38
2025-Jul-28 13:30:00.000,26
2025-Jul-28 13:45:00.000,39
2025-Jul-28 14:00:00.000,40
2025-Jul-28 14:15:00.000,41
2025-Jul-28 14:30:00.000,41
2025-Jul-28 14:45:00.000,42
2025-Jul-28 15:00:00.000,43
2025-Jul-28 15:15:00.000,43
2025-Jul-28 15:30:00.000,44
2025-Jul-28 15:45:00.000,43
2025-Jul-28 16:00:00.000,44
2025-Jul-28 16:15:00.000,44
2025-Jul-28 16:30:00.000,44
2025-Jul-28 16:45:00.000,43
2025-Jul-28 17:00:00.000,43
2025-Jul-28 17:15:00.000,42
2025-Jul-28 17:30:00.000,43
2025-Jul-28 17:45:00.000,42
2025-Jul-28 18:00:00.000,42
2025-Jul-28 18:15:00.000,41
2025-Jul-28 18:30:00.000,42
2025-Jul-28 18:45:00.000,40
2025-Jul-28 19:00:00.000,39
2025-Jul-28 19:15:00.000,37
2025-Jul-28 19:30:00.000,37
2025-Jul-28 19:45:00.000,35
2025-Jul-28 20:00:00.000,35
2025-Jul-28 20:15:00.000,34
2025-Jul-28 20:30:00.000,33
2025-Jul-28 20:45:00.000,32
2025-Jul-28 21:00:00.000,34
2025-Jul-28 21:15:00.000,33
2025-Jul-28 21:30:00.000,32
2025-Jul-28 21:45:00.000,33
2025-Jul-28 22:00:00.000,33
2025-Jul-28 22:15:00.000,33
2025-Jul-28 22:30:00.000,33
2025-Jul-28 22:45:00.000,33
2025-Jul-28 23:00:00.000,32
2025-Jul-28 23:15:00.000,32
2025-Jul-28 23:30:00.000,32
2025-Jul-28 23:45:00.000,31
2025-Jul-29 00:00:00.000,31
2025-Jul-29 00:15:00.000,30
2025-Jul-29 00:30:00.000,31
2025-Jul-29 00:45:00.000,31
2025-Jul-29 01:00:00.000,31
2025-Jul-29 01:15:00.000,21
2025-Jul-29 01:30:00.000,33
2025-Jul-29 01:45:00.000,32
2025-Jul-29 02:00:00.000,32
2025-Jul-29 02:15:00.000,32
2025-Jul-29 02:30:00.000,33
2025-Jul-29 02:45:00.000,32
2025-Jul-29 03:00:00.000,33
2025-Jul-29 03:15:00.000,32
2025-Jul-29 03:30:00.000,33
2025-Jul-29 03:45:00.000,32
2025-Jul-29 04:00:00.000,33
2025-Jul-29 04:15:00.000,33
2025-Jul-29 04:30:00.000,33
2025-Jul-29 04:45:00.000,33
2025-Jul-29 05:00:00.000,32
2025-Jul-29 05:15:00.000,32
2025-Jul-29 05:30:00.000,33
2025-Jul-29 05:45:00.000,32
2025-Jul-29 06:00:00.000,32
2025-Jul-29 06:15:00.000,32
2025-Jul-29 06:30:00.000,32
2025-Jul-29 06:45:00.000,33
2025-Jul-29 07:00:00.000,33
2025-Jul-29 07:15:00.000,32
2025-Jul-29 07:30:00.000,35
2025-Jul-29 07:45:00.000,34
2025-Jul-29 08:00:00.000,35
2025-Jul-29 08:15:00.000,37
2025-Jul-29 08:30:00.000,36
2025-Jul-29 08:45:00.000,38
2025-Jul-29 09:00:00.000,38
2025-Jul-29 09:15:00.000,39
2025-Jul-29 09:30:00.000,41
2025-Jul-29 09:45:00.000,43
2025-Jul-29 10:00:00.000,44
2025-Jul-29 10:15:00.000,42
2025-Jul-29 10:30:00.000,42
2025-Jul-29 10:45:00.000,43
2025-Jul-29 11:00:00.000,44
2025-Jul-29 11:15:00.000,44
2025-Jul-29 11:30:00.000,44
2025-Jul-29 11:45:00.000,44
2025-Jul-29 12:00:00.000,46
2025-Jul-29 12:15:00.000,44
2025-Jul-29 12:30:00.000,43
2025-Jul-29 12:45:00.000,27
2025-Jul-29 13:00:00.000,40
2025-Jul-29 13:15:00.000,41
2025-Jul-29 13:30:00.000,41
2025-Jul-29 13:45:00.000,42
2025-Jul-29 14:00:00.000,44
2025-Jul-29 14:15:00.000,43
2025-Jul-29 14:30:00.000,46
2025-Jul-29 14:45:00.000,46
2025-Jul-29 15:00:00.000,47
2025-Jul-29 15:15:00.000,46
2025-Jul-29 15:30:00.000,45
2025-Jul-29 15:45:00.000,44
2025-Jul-29 16:00:00.000,45
2025-Jul-29 16:15:00.000,45
2025-Jul-29 16:30:00.000,46
2025-Jul-29 16:45:00.000,45
2025-Jul-29 17:00:00.000,44
2025-Jul-29 17:15:00.000,44
2025-Jul-29 17:30:00.000,42
2025-Jul-29 17:45:00.000,39
2025-Jul-29 18:00:00.000,39
2025-Jul-29 18:15:00.000,38
2025-Jul-29 18:30:00.000,39
2025-Jul-29 18:45:00.000,39
2025-Jul-29 19:00:00.000,39
2025-Jul-29 19:15:00.000,39
2025-Jul-29 19:30:00.000,38
2025-Jul-29 19:45:00.000,37
2025-Jul-29 20:00:00.000,35
2025-Jul-29 20:15:00.000,35
2025-Jul-29 20:30:00.000,35
2025-Jul-29 20:45:00.000,33
2025-Jul-29 21:00:00.000,34
2025-Jul-29 21:15:00.000,33
2025-Jul-29 21:30:00.000,33
2025-Jul-29 21:45:00.000,30
2025-Jul-29 22:00:00.000,31
2025-Jul-29 22:15:00.000,31
2025-Jul-29 22:30:00.000,31
2025-Jul-29 22:45:00.000,31
2025-Jul-29 23:00:00.000,30
2025-Jul-29 23:15:00.000,32
2025-Jul-29 23:30:00.000,30
2025-Jul-29 23:45:00.000,31
2025-Jul-30 00:00:00.000,34
2025-Jul-30 00:15:00.000,33
2025-Jul-30 00:30:00.000,33
2025-Jul-30 00:45:00.000,22
2025-Jul-30 01:00:00.000,33
2025-Jul-30 01:15:00.000,33
2025-Jul-30 01:30:00.000,32
2025-Jul-30 01:45:00.000,33
2025-Jul-30 02:00:00.000,32
2025-Jul-30 02:15:00.000,33
2025-Jul-30 02:30:00.000,33
2025-Jul-30 02:45:00.000,33
2025-Jul-30 03:00:00.000,33
2025-Jul-30 03:15:00.000,32
2025-Jul-30 03:30:00.000,32
2025-Jul-30 03:45:00.000,31
2025-Jul-30 04:00:00.000,31
2025-Jul-30 04:15:00.000,32
2025-Jul-30 04:30:00.000,31
2025-Jul-30 04:45:00.000,32
2025-Jul-30 05:00:00.000,33
2025-Jul-30 05:15:00.000,31
2025-Jul-30 05:30:00.000,32
2025-Jul-30 05:45:00.000,32
2025-Jul-30 06:00:00.000,31
2025-Jul-30 06:15:00.000,33
2025-Jul-30 06:30:00.000,33
2025-Jul-30 06:45:00.000,34
2025-Jul-30 07:00:00.000,34
2025-Jul-30 07:15:00.000,34
2025-Jul-30 07:30:00.000,34
2025-Jul-30 07:45:00.000,36
2025-Jul-30 08:00:00.000,34
2025-Jul-30 08:15:00.000,36
2025-Jul-30 08:30:00.000,37
2025-Jul-30 08:45:00.000,37
2025-Jul-30 09:00:00.000,37
2025-Jul-30 09:15:00.000,37
2025-Jul-30 09:30:00.000,37
2025-Jul-30 09:45:00.000,37
2025-Jul-30 10:00:00.000,37
2025-Jul-30 10:15:00.000,37
2025-Jul-30 10:30:00.000,38
2025-Jul-30 10:45:00.000,39
2025-Jul-30 11:00:00.000,39
2025-Jul-30 11:15:00.000,41
2025-Jul-30 11:30:00.000,39
2025-Jul-30 11:45:00.000,39
2025-Jul-30 12:00:00.000,41
2025-Jul-30 12:15:00.000,27
2025-Jul-30 12:30:00.000,42
2025-Jul-30 12:45:00.000,39
2025-Jul-30 13:00:00.000,36
2025-Jul-30 13:15:00.000,35
2025-Jul-30 13:30:00.000,35
2025-Jul-30 13:45:00.000,35
2025-Jul-30 14:00:00.000,36
2025-Jul-30 14:15:00.000,36
2025-Jul-30 14:30:00.000,35
2025-Jul-30 14:45:00.000,34
2025-Jul-30 15:00:00.000,35
2025-Jul-30 15:15:00.000,34
2025-Jul-30 15:30:00.000,33
2025-Jul-30 15:45:00.000,33
2025-Jul-30 16:00:00.000,32
2025-Jul-30 16:15:00.000,33
2025-Jul-30 16:30:00.000,34
2025-Jul-30 16:45:00.000,32
2025-Jul-30 17:00:00.000,32
2025-Jul-30 17:15:00.000,31
2025-Jul-30 17:30:00.000,32
2025-Jul-30 17:45:00.000,32
2025-Jul-30 18:00:00.000,32
2025-Jul-30 18:15:00.000,33
2025-Jul-30 18:30:00.000,31
2025-Jul-30 18:45:00.000,32
2025-Jul-30 19:00:00.000,32
2025-Jul-30 19:15:00.000,32
2025-Jul-30 19:30:00.000,31
2025-Jul-30 19:45:00.000,31
2025-Jul-30 20:00:00.000,31
2025-Jul-30 20:15:00.000,30
2025-Jul-30 20:30:00.000,31
2025-Jul-30 20:45:00.000,32
2025-Jul-30 21:00:00.000,33
2025-Jul-30 21:15:00.000,32
2025-Jul-30 21:30:00.000,33
2025-Jul-30 21:45:00.000,32
2025-Jul-30 22:00:00.000,21
2025-Jul-30 22:15:00.000,32
2025-Jul-30 22:30:00.000,31
2025-Jul-30 22:45:00.000,33
2025-Jul-30 23:00:00.000,31
2025-Jul-30 23:15:00.000,31
2025-Jul-30 23:30:00.000,32
2025-Jul-30 23:45:00.000,32
2025-Jul-31 00:00:00.000,32
2025-Jul-31 00:15:00.000,33
2025-Jul-31 00:30:00.000,32
2025-Jul-31 00:45:00.000,33
2025-Jul-31 01:00:00.000,32
2025-Jul-31 01:15:00.000,34
2025-Jul-31 01:30:00.000,34
2025-Jul-31 01:45:00.000,34
2025-Jul-31 02:00:00.000,35
2025-Jul-31 02:15:00.000,34
2025-Jul-31 02:30:00.000,34
2025-Jul-31 02:45:00.000,34
2025-Jul-31 03:00:00.000,34
2025-Jul-31 03:15:00.000,33
2025-Jul-31 03:30:00.000,32
2025-Jul-31 03:45:00.000,33
2025-Jul-31 04:00:00.000,32
2025-Jul-31 04:15:00.000,33
2025-Jul-31 04:30:00.000,33
2025-Jul-31 04:45:00.000,33
2025-Jul-31 05:00:00.000,33
2025-Jul-31 05:15:00.000,33
2025-Jul-31 05:30:00.000,32
2025-Jul-31 05:45:00.000,32
2025-Jul-31 06:00:00.000,32
2025-Jul-31 06:15:00.000,33
2025-Jul-31 06:30:00.000,33
2025-Jul-31 06:45:00.000,34
2025-Jul-31 07:00:00.000,32
2025-Jul-31 07:15:00.000,33
2025-Jul-31 07:30:00.000,32
2025-Jul-31 07:45:00.000,33
2025-Jul-31 08:00:00.000,34
2025-Jul-31 08:15:00.000,32
2025-Jul-31 08:30:00.000,33
2025-Jul-31 08:45:00.000,33
2025-Jul-31 09:00:00.000,32
2025-Jul-31 09:15:00.000,32
2025-Jul-31 09:30:00.000,31
2025-Jul-31 09:45:00.000,33
2025-Jul-31 10:00:00.000,33
2025-Jul-31 10:15:00.000,33
2025-Jul-31 10:30:00.000,33
2025-Jul-31 10:45:00.000,23
2025-Jul-31 11:00:00.000,34
2025-Jul-31 11:15:00.000,35
2025-Jul-31 11:30:00.000,35
2025-Jul-31 11:45:00.000,35
2025-Jul-31 12:00:00.000,35
2025-Jul-31 12:15:00.000,35
2025-Jul-31 12:30:00.000,34
2025-Jul-31 12:45:00.000,34
2025-Jul-31 13:00:00.000,34
2025-Jul-31 13:15:00.000,35
2025-Jul-31 13:30:00.000,35
2025-Jul-31 13:45:00.000,35
2025-Jul-31 14:00:00.000,36
2025-Jul-31 14:15:00.000,36
2025-Jul-31 14:30:00.000,35
2025-Jul-31 14:45:00.000,35
2025-Jul-31 15:00:00.000,34
2025-Jul-31 15:15:00.000,33
2025-Jul-31 15:30:00.000,33
2025-Jul-31 15:45:00.000,33
2025-Jul-31 16:00:00.000,32
2025-Jul-31 16:15:00.000,32
2025-Jul-31 16:30:00.000,33
2025-Jul-31 16:45:00.000,33
2025-Jul-31 17:00:00.000,33
2025-Jul-31 17:15:00.000,32
2025-Jul-31 17:30:00.000,32
2025-Jul-31 17:45:00.000,33
2025-Jul-31 18:00:00.000,36
2025-Jul-31 18:15:00.000,37
2025-Jul-31 18:30:00.000,36
2025-Jul-31 18:45:00.000,35
2025-Jul-31 19:00:00.000,36
2025-Jul-31 19:15:00.000,35
2025-Jul-31 19:30:00.000,33
2025-Jul-31 19:45:00.000,35
2025-Jul-31 20:00:00.000,35
2025-Jul-31 20:15:00.000,23
2025-Jul-31 20:30:00.000,34
2025-Jul-31 20:45:00.000,33
2025-Jul-31 21:00:00.000,34
2025-Jul-31 21:15:00.000,33
2025-Jul-31 21:30:00.000,33
2025-Jul-31 21:45:00.000,33
2025-Jul-31 22:00:00.000,34
2025-Jul-31 22:15:00.000,32
2025-Jul-31 22:30:00.000,32
2025-Jul-31 22:45:00.000,32
2025-Jul-31 23:00:00.000,32
2025-Jul-31 23:15:00.000,32
2025-Jul-31 23:30:00.000,30
2025-Jul-31 23:45:00.000,30
