Local Time,Real Energy Into the Load
2025-Aug-01 00:00:00.000,3853124
2025-Aug-01 00:15:00.000,3853154
2025-Aug-01 00:30:00.000,3853184
2025-Aug-01 00:45:00.000,3853215
2025-Aug-01 01:00:00.000,3853247
2025-Aug-01 01:15:00.000,3853278
2025-Aug-01 01:30:00.000,3853309
2025-Aug-01 01:45:00.000,3853339
2025-Aug-01 02:00:00.000,3853369
2025-Aug-01 02:15:00.000,3853399
2025-Aug-01 02:30:00.000,3853431
2025-Aug-01 02:45:00.000,3853462
2025-Aug-01 03:00:00.000,3853482
2025-Aug-01 03:15:00.000,3853512
2025-Aug-01 03:30:00.000,3853542
2025-Aug-01 03:45:00.000,3853573
2025-Aug-01 04:00:00.000,3853603
2025-Aug-01 04:15:00.000,3853632
2025-Aug-01 04:30:00.000,3853663
2025-Aug-01 04:45:00.000,3853696
2025-Aug-01 05:00:00.000,3853729
2025-Aug-01 05:15:00.000,3853763
2025-Aug-01 05:30:00.000,3853797
2025-Aug-01 05:45:00.000,3853830
2025-Aug-01 06:00:00.000,3853862
2025-Aug-01 06:15:00.000,3853896
2025-Aug-01 06:30:00.000,3853932
2025-Aug-01 06:45:00.000,3853968
2025-Aug-01 07:00:00.000,3854003
2025-Aug-01 07:15:00.000,3854038
2025-Aug-01 07:30:00.000,3854075
2025-Aug-01 07:45:00.000,3854111
2025-Aug-01 08:00:00.000,3854148
2025-Aug-01 08:15:00.000,3854184
2025-Aug-01 08:30:00.000,3854221
2025-Aug-01 08:45:00.000,3854258
2025-Aug-01 09:00:00.000,3854296
2025-Aug-01 09:15:00.000,3854334
2025-Aug-01 09:30:00.000,3854371
2025-Aug-01 09:45:00.000,3854408
2025-Aug-01 10:00:00.000,3854446
2025-Aug-01 10:15:00.000,3854484
2025-Aug-01 10:30:00.000,3854508
2025-Aug-01 10:45:00.000,3854546
2025-Aug-01 11:00:00.000,3854585
2025-Aug-01 11:15:00.000,3854624
2025-Aug-01 11:30:00.000,3854663
2025-Aug-01 11:45:00.000,3854704
2025-Aug-01 12:00:00.000,3854744
2025-Aug-01 12:15:00.000,3854785
2025-Aug-01 12:30:00.000,3854825
2025-Aug-01 12:45:00.000,3854865
2025-Aug-01 13:00:00.000,3854903
2025-Aug-01 13:15:00.000,3854940
2025-Aug-01 13:30:00.000,3854976
2025-Aug-01 13:45:00.000,3855011
2025-Aug-01 14:00:00.000,3855045
2025-Aug-01 14:15:00.000,3855080
2025-Aug-01 14:30:00.000,3855117
2025-Aug-01 14:45:00.000,3855152
2025-Aug-01 15:00:00.000,3855187
2025-Aug-01 15:15:00.000,3855223
2025-Aug-01 15:30:00.000,3855257
2025-Aug-01 15:45:00.000,3855291
2025-Aug-01 16:00:00.000,3855327
2025-Aug-01 16:15:00.000,3855362
2025-Aug-01 16:30:00.000,3855399
2025-Aug-01 16:45:00.000,3855440
2025-Aug-01 17:00:00.000,3855481
2025-Aug-01 17:15:00.000,3855522
2025-Aug-01 17:30:00.000,3855562
2025-Aug-01 17:45:00.000,3855601
2025-Aug-01 18:00:00.000,3855638
2025-Aug-01 18:15:00.000,3855673
2025-Aug-01 18:30:00.000,3855708
2025-Aug-01 18:45:00.000,3855743
2025-Aug-01 19:00:00.000,3855777
2025-Aug-01 19:15:00.000,3855810
2025-Aug-01 19:30:00.000,3855842
2025-Aug-01 19:45:00.000,3855874
2025-Aug-01 20:00:00.000,3855906
2025-Aug-01 20:15:00.000,3855938
2025-Aug-01 20:30:00.000,3855969
2025-Aug-01 20:45:00.000,3856002
2025-Aug-01 21:00:00.000,3856033
2025-Aug-01 21:15:00.000,3856066
2025-Aug-01 21:30:00.000,3856087
2025-Aug-01 21:45:00.000,3856119
2025-Aug-01 22:00:00.000,3856152
2025-Aug-01 22:15:00.000,3856185
2025-Aug-01 22:30:00.000,3856219
2025-Aug-01 22:45:00.000,3856252
2025-Aug-01 23:00:00.000,3856285
2025-Aug-01 23:15:00.000,3856317
2025-Aug-01 23:30:00.000,3856349
2025-Aug-01 23:45:00.000,3856381
2025-Aug-02 00:00:00.000,3856412
2025-Aug-02 00:15:00.000,3856443
2025-Aug-02 00:30:00.000,3856474
2025-Aug-02 00:45:00.000,3856505
2025-Aug-02 01:00:00.000,3856536
2025-Aug-02 01:15:00.000,3856567
2025-Aug-02 01:30:00.000,3856598
2025-Aug-02 01:45:00.000,3856629
2025-Aug-02 02:00:00.000,3856660
2025-Aug-02 02:15:00.000,3856692
2025-Aug-02 02:30:00.000,3856723
2025-Aug-02 02:45:00.000,3856753
2025-Aug-02 03:00:00.000,3856785
2025-Aug-02 03:15:00.000,3856816
2025-Aug-02 03:30:00.000,3856848
2025-Aug-02 03:45:00.000,3856878
2025-Aug-02 04:00:00.000,3856909
2025-Aug-02 04:15:00.000,3856940
2025-Aug-02 04:30:00.000,3856971
2025-Aug-02 04:45:00.000,3857002
2025-Aug-02 05:00:00.000,3857033
2025-Aug-02 05:15:00.000,3857066
2025-Aug-02 05:30:00.000,3857097
2025-Aug-02 05:45:00.000,3857129
2025-Aug-02 06:00:00.000,3857160
2025-Aug-02 06:15:00.000,3857192
2025-Aug-02 06:30:00.000,3857224
2025-Aug-02 06:45:00.000,3857256
2025-Aug-02 07:00:00.000,3857288
2025-Aug-02 07:15:00.000,3857320
2025-Aug-02 07:30:00.000,3857349
2025-Aug-02 07:45:00.000,3857349
2025-Aug-02 08:00:00.000,3857349
2025-Aug-02 08:15:00.000,3857349
2025-Aug-02 08:30:00.000,3857349
2025-Aug-02 08:45:00.000,3857349
2025-Aug-02 09:00:00.000,3857349
2025-Aug-02 09:15:00.000,3857349
2025-Aug-02 09:30:00.000,3857349
2025-Aug-02 09:45:00.000,3857349
2025-Aug-02 10:00:00.000,3857349
2025-Aug-02 10:15:00.000,3857349
2025-Aug-02 10:30:00.000,3857397
2025-Aug-02 10:45:00.000,3857450
2025-Aug-02 11:00:00.000,3857493
2025-Aug-02 11:15:00.000,3857505
2025-Aug-02 11:30:00.000,3857518
2025-Aug-02 11:45:00.000,3857531
2025-Aug-02 12:00:00.000,3857543
2025-Aug-02 12:15:00.000,3857556
2025-Aug-02 12:30:00.000,3857572
2025-Aug-02 12:45:00.000,3857585
2025-Aug-02 13:00:00.000,3857598
2025-Aug-02 13:15:00.000,3857607
2025-Aug-02 13:30:00.000,3857607
2025-Aug-02 13:45:00.000,3857607
2025-Aug-02 14:00:00.000,3857607
2025-Aug-02 14:15:00.000,3857607
2025-Aug-02 14:30:00.000,3857607
2025-Aug-02 14:45:00.000,3857607
2025-Aug-02 15:00:00.000,3857607
2025-Aug-02 15:15:00.000,3857607
2025-Aug-02 15:30:00.000,3857607
2025-Aug-02 15:45:00.000,3857607
2025-Aug-02 16:00:00.000,3857607
2025-Aug-02 16:15:00.000,3857607
2025-Aug-02 16:30:00.000,3857607
2025-Aug-02 16:45:00.000,3857607
2025-Aug-02 17:00:00.000,3857607
2025-Aug-02 17:15:00.000,3857607
2025-Aug-02 17:30:00.000,3857607
2025-Aug-02 17:45:00.000,3857607
2025-Aug-02 18:00:00.000,3857607
2025-Aug-02 18:15:00.000,3857607
2025-Aug-02 18:30:00.000,3857607
2025-Aug-02 18:45:00.000,3857607
2025-Aug-02 19:00:00.000,3857607
2025-Aug-02 19:15:00.000,3857654
2025-Aug-02 19:30:00.000,3857708
2025-Aug-02 19:45:00.000,3857741
2025-Aug-02 20:00:00.000,3857763
2025-Aug-02 20:15:00.000,3857777
2025-Aug-02 20:30:00.000,3857798
2025-Aug-02 20:45:00.000,3857817
2025-Aug-02 21:00:00.000,3857837
2025-Aug-02 21:15:00.000,3857857
2025-Aug-02 21:30:00.000,3857877
2025-Aug-02 21:45:00.000,3857896
2025-Aug-02 22:00:00.000,3857916
2025-Aug-02 22:15:00.000,3857936
2025-Aug-02 22:30:00.000,3857957
2025-Aug-02 22:45:00.000,3857977
2025-Aug-02 23:00:00.000,3857997
2025-Aug-02 23:15:00.000,3858018
2025-Aug-02 23:30:00.000,3858038
2025-Aug-02 23:45:00.000,3858058
2025-Aug-03 00:00:00.000,3858079
2025-Aug-03 00:15:00.000,3858099
2025-Aug-03 00:30:00.000,3858119
2025-Aug-03 00:45:00.000,3858140
2025-Aug-03 01:00:00.000,3858160
2025-Aug-03 01:15:00.000,3858180
2025-Aug-03 01:30:00.000,3858201
2025-Aug-03 01:45:00.000,3858221
2025-Aug-03 02:00:00.000,3858241
2025-Aug-03 02:15:00.000,3858261
2025-Aug-03 02:30:00.000,3858280
2025-Aug-03 02:45:00.000,3858300
2025-Aug-03 03:00:00.000,3858319
2025-Aug-03 03:15:00.000,3858338
2025-Aug-03 03:30:00.000,3858357
2025-Aug-03 03:45:00.000,3858376
2025-Aug-03 04:00:00.000,3858395
2025-Aug-03 04:15:00.000,3858415
2025-Aug-03 04:30:00.000,3858435
2025-Aug-03 04:45:00.000,3858454
2025-Aug-03 05:00:00.000,3858473
2025-Aug-03 05:15:00.000,3858492
2025-Aug-03 05:30:00.000,3858511
2025-Aug-03 05:45:00.000,3858530
2025-Aug-03 06:00:00.000,3858549
2025-Aug-03 06:15:00.000,3858568
2025-Aug-03 06:30:00.000,3858587
2025-Aug-03 06:45:00.000,3858606
2025-Aug-03 07:00:00.000,3858625
2025-Aug-03 07:15:00.000,3858643
2025-Aug-03 07:30:00.000,3858656
2025-Aug-03 07:45:00.000,3858665
2025-Aug-03 08:00:00.000,3858672
2025-Aug-03 08:15:00.000,3858680
2025-Aug-03 08:30:00.000,3858690
2025-Aug-03 08:45:00.000,3858699
2025-Aug-03 09:00:00.000,3858707
2025-Aug-03 09:15:00.000,3858714
2025-Aug-03 09:30:00.000,3858722
2025-Aug-03 09:45:00.000,3858730
2025-Aug-03 10:00:00.000,3858738
2025-Aug-03 10:15:00.000,3858745
2025-Aug-03 10:30:00.000,3858753
2025-Aug-03 10:45:00.000,3858761
2025-Aug-03 11:00:00.000,3858769
2025-Aug-03 11:15:00.000,3858777
2025-Aug-03 11:30:00.000,3858785
2025-Aug-03 11:45:00.000,3858793
2025-Aug-03 12:00:00.000,3858803
2025-Aug-03 12:15:00.000,3858812
2025-Aug-03 12:30:00.000,3858821
2025-Aug-03 12:45:00.000,3858831
2025-Aug-03 13:00:00.000,3858840
2025-Aug-03 13:15:00.000,3858849
2025-Aug-03 13:30:00.000,3858858
2025-Aug-03 13:45:00.000,3858868
2025-Aug-03 14:00:00.000,3858877
2025-Aug-03 14:15:00.000,3858886
2025-Aug-03 14:30:00.000,3858896
2025-Aug-03 14:45:00.000,3858906
2025-Aug-03 15:00:00.000,3858916
2025-Aug-03 15:15:00.000,3858926
2025-Aug-03 15:30:00.000,3858936
2025-Aug-03 15:45:00.000,3858947
2025-Aug-03 16:00:00.000,3858957
2025-Aug-03 16:15:00.000,3858968
2025-Aug-03 16:30:00.000,3858979
2025-Aug-03 16:45:00.000,3858989
2025-Aug-03 17:00:00.000,3859000
2025-Aug-03 17:15:00.000,3859011
2025-Aug-03 17:30:00.000,3859022
2025-Aug-03 17:45:00.000,3859032
2025-Aug-03 18:00:00.000,3859042
2025-Aug-03 18:15:00.000,3859053
2025-Aug-03 18:30:00.000,3859064
2025-Aug-03 18:45:00.000,3859074
2025-Aug-03 19:00:00.000,3859085
2025-Aug-03 19:15:00.000,3859095
2025-Aug-03 19:30:00.000,3859105
2025-Aug-03 19:45:00.000,3859110
2025-Aug-03 20:00:00.000,3859119
2025-Aug-03 20:15:00.000,3859127
2025-Aug-03 20:30:00.000,3859135
2025-Aug-03 20:45:00.000,3859143
2025-Aug-03 21:00:00.000,3859151
2025-Aug-03 21:15:00.000,3859159
2025-Aug-03 21:30:00.000,3859167
2025-Aug-03 21:45:00.000,3859176
2025-Aug-03 22:00:00.000,3859184
2025-Aug-03 22:15:00.000,3859193
2025-Aug-03 22:30:00.000,3859201
2025-Aug-03 22:45:00.000,3859209
2025-Aug-03 23:00:00.000,3859218
2025-Aug-03 23:15:00.000,3859227
2025-Aug-03 23:30:00.000,3859235
2025-Aug-03 23:45:00.000,3859244
2025-Aug-04 00:00:00.000,3859252
2025-Aug-04 00:15:00.000,3859261
2025-Aug-04 00:30:00.000,3859270
2025-Aug-04 00:45:00.000,3859279
2025-Aug-04 01:00:00.000,3859287
2025-Aug-04 01:15:00.000,3859295
2025-Aug-04 01:30:00.000,3859304
2025-Aug-04 01:45:00.000,3859313
2025-Aug-04 02:00:00.000,3859323
2025-Aug-04 02:15:00.000,3859332
2025-Aug-04 02:30:00.000,3859341
2025-Aug-04 02:45:00.000,3859350
2025-Aug-04 03:00:00.000,3859358
2025-Aug-04 03:15:00.000,3859367
2025-Aug-04 03:30:00.000,3859376
2025-Aug-04 03:45:00.000,3859385
2025-Aug-04 04:00:00.000,3859395
2025-Aug-04 04:15:00.000,3859404
2025-Aug-04 04:30:00.000,3859413
2025-Aug-04 04:45:00.000,3859421
2025-Aug-04 05:00:00.000,3859430
2025-Aug-04 05:15:00.000,3859439
2025-Aug-04 05:30:00.000,3859448
2025-Aug-04 05:45:00.000,3859457
2025-Aug-04 06:00:00.000,3859466
2025-Aug-04 06:15:00.000,3859475
2025-Aug-04 06:30:00.000,3859485
2025-Aug-04 06:45:00.000,3859494
2025-Aug-04 07:00:00.000,3859504
2025-Aug-04 07:15:00.000,3859514
2025-Aug-04 07:30:00.000,3859523
2025-Aug-04 07:45:00.000,3859532
2025-Aug-04 08:00:00.000,3859542
2025-Aug-04 08:15:00.000,3859551
2025-Aug-04 08:30:00.000,3859569
2025-Aug-04 08:45:00.000,3859585
2025-Aug-04 09:00:00.000,3859601
2025-Aug-04 09:15:00.000,3859618
2025-Aug-04 09:30:00.000,3859635
2025-Aug-04 09:45:00.000,3859656
2025-Aug-04 10:00:00.000,3859676
2025-Aug-04 10:15:00.000,3859695
2025-Aug-04 10:30:00.000,3859716
2025-Aug-04 10:45:00.000,3859737
2025-Aug-04 11:00:00.000,3859757
2025-Aug-04 11:15:00.000,3859777
2025-Aug-04 11:30:00.000,3859796
2025-Aug-04 11:45:00.000,3859816
2025-Aug-04 12:00:00.000,3859837
2025-Aug-04 12:15:00.000,3859857
2025-Aug-04 12:30:00.000,3859878
2025-Aug-04 12:45:00.000,3859899
2025-Aug-04 13:00:00.000,3859919
2025-Aug-04 13:15:00.000,3859940
2025-Aug-04 13:30:00.000,3859962
2025-Aug-04 13:45:00.000,3859982
2025-Aug-04 14:00:00.000,3860005
2025-Aug-04 14:15:00.000,3860034
2025-Aug-04 14:30:00.000,3860062
2025-Aug-04 14:45:00.000,3860089
2025-Aug-04 15:00:00.000,3860116
2025-Aug-04 15:15:00.000,3860142
2025-Aug-04 15:30:00.000,3860165
2025-Aug-04 15:45:00.000,3860185
2025-Aug-04 16:00:00.000,3860206
2025-Aug-04 16:15:00.000,3860228
2025-Aug-04 16:30:00.000,3860250
2025-Aug-04 16:45:00.000,3860271
2025-Aug-04 17:00:00.000,3860291
2025-Aug-04 17:15:00.000,3860312
2025-Aug-04 17:30:00.000,3860333
2025-Aug-04 17:45:00.000,3860352
2025-Aug-04 18:00:00.000,3860371
2025-Aug-04 18:15:00.000,3860391
2025-Aug-04 18:30:00.000,3860411
2025-Aug-04 18:45:00.000,3860430
2025-Aug-04 19:00:00.000,3860448
2025-Aug-04 19:15:00.000,3860467
2025-Aug-04 19:30:00.000,3860485
2025-Aug-04 19:45:00.000,3860504
2025-Aug-04 20:00:00.000,3860521
2025-Aug-04 20:15:00.000,3860533
2025-Aug-04 20:30:00.000,3860550
2025-Aug-04 20:45:00.000,3860568
2025-Aug-04 21:00:00.000,3860586
2025-Aug-04 21:15:00.000,3860603
2025-Aug-04 21:30:00.000,3860621
2025-Aug-04 21:45:00.000,3860638
2025-Aug-04 22:00:00.000,3860656
2025-Aug-04 22:15:00.000,3860674
2025-Aug-04 22:30:00.000,3860693
2025-Aug-04 22:45:00.000,3860710
2025-Aug-04 23:00:00.000,3860729
2025-Aug-04 23:15:00.000,3860747
2025-Aug-04 23:30:00.000,3860766
2025-Aug-04 23:45:00.000,3860784
2025-Aug-05 00:00:00.000,3860802
2025-Aug-05 00:15:00.000,3860820
2025-Aug-05 00:30:00.000,3860838
2025-Aug-05 00:45:00.000,3860857
2025-Aug-05 01:00:00.000,3860876
2025-Aug-05 01:15:00.000,3860893
2025-Aug-05 01:30:00.000,3860912
2025-Aug-05 01:45:00.000,3860930
2025-Aug-05 02:00:00.000,3860949
2025-Aug-05 02:15:00.000,3860967
2025-Aug-05 02:30:00.000,3860985
2025-Aug-05 02:45:00.000,3861002
2025-Aug-05 03:00:00.000,3861020
2025-Aug-05 03:15:00.000,3861038
2025-Aug-05 03:30:00.000,3861055
2025-Aug-05 03:45:00.000,3861073
2025-Aug-05 04:00:00.000,3861090
2025-Aug-05 04:15:00.000,3861107
2025-Aug-05 04:30:00.000,3861124
2025-Aug-05 04:45:00.000,3861141
2025-Aug-05 05:00:00.000,3861158
2025-Aug-05 05:15:00.000,3861175
2025-Aug-05 05:30:00.000,3861192
2025-Aug-05 05:45:00.000,3861210
2025-Aug-05 06:00:00.000,3861228
2025-Aug-05 06:15:00.000,3861245
2025-Aug-05 06:30:00.000,3861263
2025-Aug-05 06:45:00.000,3861281
2025-Aug-05 07:00:00.000,3861299
2025-Aug-05 07:15:00.000,3861310
2025-Aug-05 07:30:00.000,3861327
2025-Aug-05 07:45:00.000,3861344
2025-Aug-05 08:00:00.000,3861360
2025-Aug-05 08:15:00.000,3861376
2025-Aug-05 08:30:00.000,3861392
2025-Aug-05 08:45:00.000,3861409
2025-Aug-05 09:00:00.000,3861425
2025-Aug-05 09:15:00.000,3861441
2025-Aug-05 09:30:00.000,3861458
2025-Aug-05 09:45:00.000,3861474
2025-Aug-05 10:00:00.000,3861491
2025-Aug-05 10:15:00.000,3861508
2025-Aug-05 10:30:00.000,3861525
2025-Aug-05 10:45:00.000,3861541
2025-Aug-05 11:00:00.000,3861558
2025-Aug-05 11:15:00.000,3861573
2025-Aug-05 11:30:00.000,3861589
2025-Aug-05 11:45:00.000,3861606
2025-Aug-05 12:00:00.000,3861623
2025-Aug-05 12:15:00.000,3861641
2025-Aug-05 12:30:00.000,3861658
2025-Aug-05 12:45:00.000,3861676
2025-Aug-05 13:00:00.000,3861693
2025-Aug-05 13:15:00.000,3861711
2025-Aug-05 13:30:00.000,3861730
2025-Aug-05 13:45:00.000,3861748
2025-Aug-05 14:00:00.000,3861766
2025-Aug-05 14:15:00.000,3861784
2025-Aug-05 14:30:00.000,3861802
2025-Aug-05 14:45:00.000,3861821
2025-Aug-05 15:00:00.000,3861842
2025-Aug-05 15:15:00.000,3861860
2025-Aug-05 15:30:00.000,3861879
2025-Aug-05 15:45:00.000,3861897
2025-Aug-05 16:00:00.000,3861916
2025-Aug-05 16:15:00.000,3861938
2025-Aug-05 16:30:00.000,3861953
2025-Aug-05 16:45:00.000,3861973
2025-Aug-05 17:00:00.000,3861994
2025-Aug-05 17:15:00.000,3862017
2025-Aug-05 17:30:00.000,3862038
2025-Aug-05 17:45:00.000,3862059
2025-Aug-05 18:00:00.000,3862079
2025-Aug-05 18:15:00.000,3862099
2025-Aug-05 18:30:00.000,3862119
2025-Aug-05 18:45:00.000,3862138
2025-Aug-05 19:00:00.000,3862158
2025-Aug-05 19:15:00.000,3862177
2025-Aug-05 19:30:00.000,3862195
2025-Aug-05 19:45:00.000,3862212
2025-Aug-05 20:00:00.000,3862229
2025-Aug-05 20:15:00.000,3862247
2025-Aug-05 20:30:00.000,3862264
2025-Aug-05 20:45:00.000,3862283
2025-Aug-05 21:00:00.000,3862303
2025-Aug-05 21:15:00.000,3862323
2025-Aug-05 21:30:00.000,3862344
2025-Aug-05 21:45:00.000,3862364
2025-Aug-05 22:00:00.000,3862384
2025-Aug-05 22:15:00.000,3862404
2025-Aug-05 22:30:00.000,3862425
2025-Aug-05 22:45:00.000,3862446
2025-Aug-05 23:00:00.000,3862467
2025-Aug-05 23:15:00.000,3862488
2025-Aug-05 23:30:00.000,3862508
2025-Aug-05 23:45:00.000,3862529
2025-Aug-06 00:00:00.000,3862550
2025-Aug-06 00:15:00.000,3862571
2025-Aug-06 00:30:00.000,3862592
2025-Aug-06 00:45:00.000,3862612
2025-Aug-06 01:00:00.000,3862633
2025-Aug-06 01:15:00.000,3862654
2025-Aug-06 01:30:00.000,3862675
2025-Aug-06 01:45:00.000,3862696
2025-Aug-06 02:00:00.000,3862717
2025-Aug-06 02:15:00.000,3862738
2025-Aug-06 02:30:00.000,3862759
2025-Aug-06 02:45:00.000,3862781
2025-Aug-06 03:00:00.000,3862802
2025-Aug-06 03:15:00.000,3862824
2025-Aug-06 03:30:00.000,3862847
2025-Aug-06 03:45:00.000,3862868
2025-Aug-06 04:00:00.000,3862883
2025-Aug-06 04:15:00.000,3862905
2025-Aug-06 04:30:00.000,3862926
2025-Aug-06 04:45:00.000,3862948
2025-Aug-06 05:00:00.000,3862970
2025-Aug-06 05:15:00.000,3862992
2025-Aug-06 05:30:00.000,3863014
2025-Aug-06 05:45:00.000,3863035
2025-Aug-06 06:00:00.000,3863057
2025-Aug-06 06:15:00.000,3863079
2025-Aug-06 06:30:00.000,3863100
2025-Aug-06 06:45:00.000,3863122
2025-Aug-06 07:00:00.000,3863144
2025-Aug-06 07:15:00.000,3863166
2025-Aug-06 07:30:00.000,3863189
2025-Aug-06 07:45:00.000,3863212
2025-Aug-06 08:00:00.000,3863235
2025-Aug-06 08:15:00.000,3863258
2025-Aug-06 08:30:00.000,3863281
2025-Aug-06 08:45:00.000,3863303
2025-Aug-06 09:00:00.000,3863325
2025-Aug-06 09:15:00.000,3863347
2025-Aug-06 09:30:00.000,3863370
2025-Aug-06 09:45:00.000,3863392
2025-Aug-06 10:00:00.000,3863415
2025-Aug-06 10:15:00.000,3863440
2025-Aug-06 10:30:00.000,3863465
2025-Aug-06 10:45:00.000,3863491
2025-Aug-06 11:00:00.000,3863516
2025-Aug-06 11:15:00.000,3863544
2025-Aug-06 11:30:00.000,3863572
2025-Aug-06 11:45:00.000,3863600
2025-Aug-06 12:00:00.000,3863630
2025-Aug-06 12:15:00.000,3863661
2025-Aug-06 12:30:00.000,3863689
2025-Aug-06 12:45:00.000,3863714
2025-Aug-06 13:00:00.000,3863737
2025-Aug-06 13:15:00.000,3863761
2025-Aug-06 13:30:00.000,3863786
2025-Aug-06 13:45:00.000,3863811
2025-Aug-06 14:00:00.000,3863836
2025-Aug-06 14:15:00.000,3863861
2025-Aug-06 14:30:00.000,3863886
2025-Aug-06 14:45:00.000,3863911
2025-Aug-06 15:00:00.000,3863936
2025-Aug-06 15:15:00.000,3863956
2025-Aug-06 15:30:00.000,3863992
2025-Aug-06 15:45:00.000,3864025
2025-Aug-06 16:00:00.000,3864058
2025-Aug-06 16:15:00.000,3864090
2025-Aug-06 16:30:00.000,3864122
2025-Aug-06 16:45:00.000,3864154
2025-Aug-06 17:00:00.000,3864185
2025-Aug-06 17:15:00.000,3864215
2025-Aug-06 17:30:00.000,3864245
2025-Aug-06 17:45:00.000,3864274
2025-Aug-06 18:00:00.000,3864305
2025-Aug-06 18:15:00.000,3864337
2025-Aug-06 18:30:00.000,3864367
2025-Aug-06 18:45:00.000,3864399
2025-Aug-06 19:00:00.000,3864430
2025-Aug-06 19:15:00.000,3864462
2025-Aug-06 19:30:00.000,3864496
2025-Aug-06 19:45:00.000,3864528
2025-Aug-06 20:00:00.000,3864559
2025-Aug-06 20:15:00.000,3864591
2025-Aug-06 20:30:00.000,3864621
2025-Aug-06 20:45:00.000,3864652
2025-Aug-06 21:00:00.000,3864682
2025-Aug-06 21:15:00.000,3864712
2025-Aug-06 21:30:00.000,3864740
2025-Aug-06 21:45:00.000,3864770
2025-Aug-06 22:00:00.000,3864799
2025-Aug-06 22:15:00.000,3864829
2025-Aug-06 22:30:00.000,3864857
2025-Aug-06 22:45:00.000,3864886
2025-Aug-06 23:00:00.000,3864913
2025-Aug-06 23:15:00.000,3864942
2025-Aug-06 23:30:00.000,3864970
2025-Aug-06 23:45:00.000,3864998
2025-Aug-07 00:00:00.000,3865026
2025-Aug-07 00:15:00.000,3865053
2025-Aug-07 00:30:00.000,3865082
2025-Aug-07 00:45:00.000,3865110
2025-Aug-07 01:00:00.000,3865138
2025-Aug-07 01:15:00.000,3865165
2025-Aug-07 01:30:00.000,3865193
2025-Aug-07 01:45:00.000,3865221
2025-Aug-07 02:00:00.000,3865249
2025-Aug-07 02:15:00.000,3865268
2025-Aug-07 02:30:00.000,3865296
2025-Aug-07 02:45:00.000,3865324
2025-Aug-07 03:00:00.000,3865352
2025-Aug-07 03:15:00.000,3865381
2025-Aug-07 03:30:00.000,3865409
2025-Aug-07 03:45:00.000,3865438
2025-Aug-07 04:00:00.000,3865467
2025-Aug-07 04:15:00.000,3865496
2025-Aug-07 04:30:00.000,3865525
2025-Aug-07 04:45:00.000,3865554
2025-Aug-07 05:00:00.000,3865584
2025-Aug-07 05:15:00.000,3865613
2025-Aug-07 05:30:00.000,3865642
2025-Aug-07 05:45:00.000,3865671
2025-Aug-07 06:00:00.000,3865700
2025-Aug-07 06:15:00.000,3865729
2025-Aug-07 06:30:00.000,3865758
2025-Aug-07 06:45:00.000,3865788
2025-Aug-07 07:00:00.000,3865818
2025-Aug-07 07:15:00.000,3865848
2025-Aug-07 07:30:00.000,3865878
2025-Aug-07 07:45:00.000,3865909
2025-Aug-07 08:00:00.000,3865940
2025-Aug-07 08:15:00.000,3865970
2025-Aug-07 08:30:00.000,3865979
2025-Aug-07 08:45:00.000,3866001
2025-Aug-07 09:00:00.000,3866020
2025-Aug-07 09:15:00.000,3866041
2025-Aug-07 09:30:00.000,3866064
2025-Aug-07 09:45:00.000,3866087
2025-Aug-07 10:00:00.000,3866114
2025-Aug-07 10:15:00.000,3866142
2025-Aug-07 10:30:00.000,3866182
2025-Aug-07 10:45:00.000,3866214
2025-Aug-07 11:00:00.000,3866244
2025-Aug-07 11:15:00.000,3866274
2025-Aug-07 11:30:00.000,3866305
2025-Aug-07 11:45:00.000,3866334
2025-Aug-07 12:00:00.000,3866364
2025-Aug-07 12:15:00.000,3866392
2025-Aug-07 12:30:00.000,3866420
2025-Aug-07 12:45:00.000,3866429
2025-Aug-07 13:00:00.000,3866429
2025-Aug-07 13:15:00.000,3866429
2025-Aug-07 13:30:00.000,3866429
2025-Aug-07 13:45:00.000,3866429
2025-Aug-07 14:00:00.000,3866429
2025-Aug-07 14:15:00.000,3866429
2025-Aug-07 14:30:00.000,3866429
2025-Aug-07 14:45:00.000,3866429
2025-Aug-07 15:00:00.000,3866429
2025-Aug-07 15:15:00.000,3866429
2025-Aug-07 15:30:00.000,3866429
2025-Aug-07 15:45:00.000,3866429
2025-Aug-07 16:00:00.000,3866429
2025-Aug-07 16:15:00.000,3866429
2025-Aug-07 16:30:00.000,3866429
2025-Aug-07 16:45:00.000,3866429
2025-Aug-07 17:00:00.000,3866429
2025-Aug-07 17:15:00.000,3866429
2025-Aug-07 17:30:00.000,3866429
2025-Aug-07 17:45:00.000,3866429
2025-Aug-07 18:00:00.000,3866429
2025-Aug-07 18:15:00.000,3866429
2025-Aug-07 18:30:00.000,3866429
2025-Aug-07 18:45:00.000,3866429
2025-Aug-07 19:00:00.000,3866429
2025-Aug-07 19:15:00.000,3866429
2025-Aug-07 19:30:00.000,3866429
2025-Aug-07 19:45:00.000,3866429
2025-Aug-07 20:00:00.000,3866429
2025-Aug-07 20:15:00.000,3866429
2025-Aug-07 20:30:00.000,3866429
2025-Aug-07 20:45:00.000,3866429
2025-Aug-07 21:00:00.000,3866429
2025-Aug-07 21:15:00.000,3866429
2025-Aug-07 21:30:00.000,3866429
2025-Aug-07 21:45:00.000,3866429
2025-Aug-07 22:00:00.000,3866429
2025-Aug-07 22:15:00.000,3866429
2025-Aug-07 22:30:00.000,3866429
2025-Aug-07 22:45:00.000,3866429
2025-Aug-07 23:00:00.000,3866429
2025-Aug-07 23:15:00.000,3866429
2025-Aug-07 23:30:00.000,3866429
2025-Aug-07 23:45:00.000,3866429
2025-Aug-08 00:00:00.000,3866429
2025-Aug-08 00:15:00.000,3866429
2025-Aug-08 00:30:00.000,3866429
2025-Aug-08 00:45:00.000,3866429
2025-Aug-08 01:00:00.000,3866429
2025-Aug-08 01:15:00.000,3866429
2025-Aug-08 01:30:00.000,3866429
2025-Aug-08 01:45:00.000,3866429
2025-Aug-08 02:00:00.000,3866429
2025-Aug-08 02:15:00.000,3866429
2025-Aug-08 02:30:00.000,3866429
2025-Aug-08 02:45:00.000,3866429
2025-Aug-08 03:00:00.000,3866429
2025-Aug-08 03:15:00.000,3866429
2025-Aug-08 03:30:00.000,3866429
2025-Aug-08 03:45:00.000,3866429
2025-Aug-08 04:00:00.000,3866429
2025-Aug-08 04:15:00.000,3866429
2025-Aug-08 04:30:00.000,3866429
2025-Aug-08 04:45:00.000,3866429
2025-Aug-08 05:00:00.000,3866429
2025-Aug-08 05:15:00.000,3866429
2025-Aug-08 05:30:00.000,3866429
2025-Aug-08 05:45:00.000,3866429
2025-Aug-08 06:00:00.000,3866429
2025-Aug-08 06:15:00.000,3866429
2025-Aug-08 06:30:00.000,3866429
2025-Aug-08 06:45:00.000,3866429
2025-Aug-08 07:00:00.000,3866429
2025-Aug-08 07:15:00.000,3866429
2025-Aug-08 07:30:00.000,3866429
2025-Aug-08 07:45:00.000,3866429
2025-Aug-08 08:00:00.000,3866429
2025-Aug-08 08:15:00.000,3866429
2025-Aug-08 08:30:00.000,3866429
2025-Aug-08 08:45:00.000,3866429
2025-Aug-08 09:00:00.000,3866429
2025-Aug-08 09:15:00.000,3866429
2025-Aug-08 09:30:00.000,3866429
2025-Aug-08 09:45:00.000,3866429
2025-Aug-08 10:00:00.000,3866429
2025-Aug-08 10:15:00.000,3866429
2025-Aug-08 10:30:00.000,3866429
2025-Aug-08 10:45:00.000,3866429
2025-Aug-08 11:00:00.000,3866429
2025-Aug-08 11:15:00.000,3866429
2025-Aug-08 11:30:00.000,3866429
2025-Aug-08 11:45:00.000,3866429
2025-Aug-08 12:00:00.000,3866443
2025-Aug-08 12:15:00.000,3866461
2025-Aug-08 12:30:00.000,3866478
2025-Aug-08 12:45:00.000,3866495
2025-Aug-08 13:00:00.000,3866514
2025-Aug-08 13:15:00.000,3866539
2025-Aug-08 13:30:00.000,3866563
2025-Aug-08 13:45:00.000,3866587
2025-Aug-08 14:00:00.000,3866611
2025-Aug-08 14:15:00.000,3866635
2025-Aug-08 14:30:00.000,3866657
2025-Aug-08 14:45:00.000,3866679
2025-Aug-08 15:00:00.000,3866702
2025-Aug-08 15:15:00.000,3866726
2025-Aug-08 15:30:00.000,3866748
2025-Aug-08 15:45:00.000,3866770
2025-Aug-08 16:00:00.000,3866791
2025-Aug-08 16:15:00.000,3866817
2025-Aug-08 16:30:00.000,3866842
2025-Aug-08 16:45:00.000,3866865
2025-Aug-08 17:00:00.000,3866888
2025-Aug-08 17:15:00.000,3866909
2025-Aug-08 17:30:00.000,3866930
2025-Aug-08 17:45:00.000,3866951
2025-Aug-08 18:00:00.000,3866973
2025-Aug-08 18:15:00.000,3866996
2025-Aug-08 18:30:00.000,3867018
2025-Aug-08 18:45:00.000,3867041
2025-Aug-08 19:00:00.000,3867063
2025-Aug-08 19:15:00.000,3867084
2025-Aug-08 19:30:00.000,3867107
2025-Aug-08 19:45:00.000,3867130
2025-Aug-08 20:00:00.000,3867152
2025-Aug-08 20:15:00.000,3867174
2025-Aug-08 20:30:00.000,3867189
2025-Aug-08 20:45:00.000,3867212
2025-Aug-08 21:00:00.000,3867234
2025-Aug-08 21:15:00.000,3867256
2025-Aug-08 21:30:00.000,3867277
2025-Aug-08 21:45:00.000,3867300
2025-Aug-08 22:00:00.000,3867321
2025-Aug-08 22:15:00.000,3867344
2025-Aug-08 22:30:00.000,3867368
2025-Aug-08 22:45:00.000,3867392
2025-Aug-08 23:00:00.000,3867415
2025-Aug-08 23:15:00.000,3867438
2025-Aug-08 23:30:00.000,3867462
2025-Aug-08 23:45:00.000,3867486
2025-Aug-09 00:00:00.000,3867510
2025-Aug-09 00:15:00.000,3867533
2025-Aug-09 00:30:00.000,3867555
2025-Aug-09 00:45:00.000,3867579
2025-Aug-09 01:00:00.000,3867602
2025-Aug-09 01:15:00.000,3867625
2025-Aug-09 01:30:00.000,3867648
2025-Aug-09 01:45:00.000,3867670
2025-Aug-09 02:00:00.000,3867693
2025-Aug-09 02:15:00.000,3867716
2025-Aug-09 02:30:00.000,3867739
2025-Aug-09 02:45:00.000,3867762
2025-Aug-09 03:00:00.000,3867785
2025-Aug-09 03:15:00.000,3867809
2025-Aug-09 03:30:00.000,3867832
2025-Aug-09 03:45:00.000,3867855
2025-Aug-09 04:00:00.000,3867878
2025-Aug-09 04:15:00.000,3867901
2025-Aug-09 04:30:00.000,3867924
2025-Aug-09 04:45:00.000,3867948
2025-Aug-09 05:00:00.000,3867971
2025-Aug-09 05:15:00.000,3867994
2025-Aug-09 05:30:00.000,3868017
2025-Aug-09 05:45:00.000,3868040
2025-Aug-09 06:00:00.000,3868063
2025-Aug-09 06:15:00.000,3868086
2025-Aug-09 06:30:00.000,3868109
2025-Aug-09 06:45:00.000,3868132
2025-Aug-09 07:00:00.000,3868155
2025-Aug-09 07:15:00.000,3868171
2025-Aug-09 07:30:00.000,3868195
2025-Aug-09 07:45:00.000,3868219
2025-Aug-09 08:00:00.000,3868243
2025-Aug-09 08:15:00.000,3868267
2025-Aug-09 08:30:00.000,3868292
2025-Aug-09 08:45:00.000,3868315
2025-Aug-09 09:00:00.000,3868339
2025-Aug-09 09:15:00.000,3868365
2025-Aug-09 09:30:00.000,3868389
2025-Aug-09 09:45:00.000,3868414
2025-Aug-09 10:00:00.000,3868439
2025-Aug-09 10:15:00.000,3868464
2025-Aug-09 10:30:00.000,3868488
2025-Aug-09 10:45:00.000,3868512
2025-Aug-09 11:00:00.000,3868536
2025-Aug-09 11:15:00.000,3868560
2025-Aug-09 11:30:00.000,3868585
2025-Aug-09 11:45:00.000,3868609
2025-Aug-09 12:00:00.000,3868632
2025-Aug-09 12:15:00.000,3868656
2025-Aug-09 12:30:00.000,3868681
2025-Aug-09 12:45:00.000,3868706
2025-Aug-09 13:00:00.000,3868730
2025-Aug-09 13:15:00.000,3868752
2025-Aug-09 13:30:00.000,3868774
2025-Aug-09 13:45:00.000,3868796
2025-Aug-09 14:00:00.000,3868818
2025-Aug-09 14:15:00.000,3868840
2025-Aug-09 14:30:00.000,3868860
2025-Aug-09 14:45:00.000,3868879
2025-Aug-09 15:00:00.000,3868899
2025-Aug-09 15:15:00.000,3868919
2025-Aug-09 15:30:00.000,3868940
2025-Aug-09 15:45:00.000,3868960
2025-Aug-09 16:00:00.000,3868980
2025-Aug-09 16:15:00.000,3868999
2025-Aug-09 16:30:00.000,3869018
2025-Aug-09 16:45:00.000,3869037
2025-Aug-09 17:00:00.000,3869055
2025-Aug-09 17:15:00.000,3869075
2025-Aug-09 17:30:00.000,3869088
2025-Aug-09 17:45:00.000,3869107
2025-Aug-09 18:00:00.000,3869126
2025-Aug-09 18:15:00.000,3869144
2025-Aug-09 18:30:00.000,3869162
2025-Aug-09 18:45:00.000,3869181
2025-Aug-09 19:00:00.000,3869199
2025-Aug-09 19:15:00.000,3869218
2025-Aug-09 19:30:00.000,3869237
2025-Aug-09 19:45:00.000,3869255
2025-Aug-09 20:00:00.000,3869273
2025-Aug-09 20:15:00.000,3869291
2025-Aug-09 20:30:00.000,3869308
2025-Aug-09 20:45:00.000,3869326
2025-Aug-09 21:00:00.000,3869343
2025-Aug-09 21:15:00.000,3869361
2025-Aug-09 21:30:00.000,3869378
2025-Aug-09 21:45:00.000,3869396
2025-Aug-09 22:00:00.000,3869414
2025-Aug-09 22:15:00.000,3869432
2025-Aug-09 22:30:00.000,3869449
2025-Aug-09 22:45:00.000,3869467
2025-Aug-09 23:00:00.000,3869485
2025-Aug-09 23:15:00.000,3869502
2025-Aug-09 23:30:00.000,3869519
2025-Aug-09 23:45:00.000,3869535
2025-Aug-10 00:00:00.000,3869552
2025-Aug-10 00:15:00.000,3869568
2025-Aug-10 00:30:00.000,3869584
2025-Aug-10 00:45:00.000,3869601
2025-Aug-10 01:00:00.000,3869618
2025-Aug-10 01:15:00.000,3869635
2025-Aug-10 01:30:00.000,3869654
2025-Aug-10 01:45:00.000,3869673
2025-Aug-10 02:00:00.000,3869691
2025-Aug-10 02:15:00.000,3869710
2025-Aug-10 02:30:00.000,3869729
2025-Aug-10 02:45:00.000,3869748
2025-Aug-10 03:00:00.000,3869767
2025-Aug-10 03:15:00.000,3869785
2025-Aug-10 03:30:00.000,3869802
2025-Aug-10 03:45:00.000,3869820
2025-Aug-10 04:00:00.000,3869838
2025-Aug-10 04:15:00.000,3869856
2025-Aug-10 04:30:00.000,3869867
2025-Aug-10 04:45:00.000,3869884
2025-Aug-10 05:00:00.000,3869901
2025-Aug-10 05:15:00.000,3869918
2025-Aug-10 05:30:00.000,3869936
2025-Aug-10 05:45:00.000,3869954
2025-Aug-10 06:00:00.000,3869971
2025-Aug-10 06:15:00.000,3869989
2025-Aug-10 06:30:00.000,3870007
2025-Aug-10 06:45:00.000,3870024
2025-Aug-10 07:00:00.000,3870042
2025-Aug-10 07:15:00.000,3870060
2025-Aug-10 07:30:00.000,3870078
2025-Aug-10 07:45:00.000,3870097
2025-Aug-10 08:00:00.000,3870116
2025-Aug-10 08:15:00.000,3870136
2025-Aug-10 08:30:00.000,3870156
2025-Aug-10 08:45:00.000,3870176
2025-Aug-10 09:00:00.000,3870196
2025-Aug-10 09:15:00.000,3870216
2025-Aug-10 09:30:00.000,3870236
2025-Aug-10 09:45:00.000,3870257
2025-Aug-10 10:00:00.000,3870277
2025-Aug-10 10:15:00.000,3870299
2025-Aug-10 10:30:00.000,3870320
2025-Aug-10 10:45:00.000,3870339
2025-Aug-10 11:00:00.000,3870359
2025-Aug-10 11:15:00.000,3870379
2025-Aug-10 11:30:00.000,3870399
2025-Aug-10 11:45:00.000,3870419
2025-Aug-10 12:00:00.000,3870439
2025-Aug-10 12:15:00.000,3870459
2025-Aug-10 12:30:00.000,3870479
2025-Aug-10 12:45:00.000,3870499
2025-Aug-10 13:00:00.000,3870519
2025-Aug-10 13:15:00.000,3870540
2025-Aug-10 13:30:00.000,3870560
2025-Aug-10 13:45:00.000,3870578
2025-Aug-10 14:00:00.000,3870596
2025-Aug-10 14:15:00.000,3870615
2025-Aug-10 14:30:00.000,3870636
2025-Aug-10 14:45:00.000,3870663
2025-Aug-10 15:00:00.000,3870690
2025-Aug-10 15:15:00.000,3870716
2025-Aug-10 15:30:00.000,3870743
2025-Aug-10 15:45:00.000,3870760
2025-Aug-10 16:00:00.000,3870786
2025-Aug-10 16:15:00.000,3870812
2025-Aug-10 16:30:00.000,3870839
2025-Aug-10 16:45:00.000,3870866
2025-Aug-10 17:00:00.000,3870892
2025-Aug-10 17:15:00.000,3870917
2025-Aug-10 17:30:00.000,3870942
2025-Aug-10 17:45:00.000,3870967
2025-Aug-10 18:00:00.000,3870992
2025-Aug-10 18:15:00.000,3871017
2025-Aug-10 18:30:00.000,3871042
2025-Aug-10 18:45:00.000,3871066
2025-Aug-10 19:00:00.000,3871091
2025-Aug-10 19:15:00.000,3871116
2025-Aug-10 19:30:00.000,3871140
2025-Aug-10 19:45:00.000,3871165
2025-Aug-10 20:00:00.000,3871190
2025-Aug-10 20:15:00.000,3871213
2025-Aug-10 20:30:00.000,3871237
2025-Aug-10 20:45:00.000,3871261
2025-Aug-10 21:00:00.000,3871286
2025-Aug-10 21:15:00.000,3871309
2025-Aug-10 21:30:00.000,3871332
2025-Aug-10 21:45:00.000,3871356
2025-Aug-10 22:00:00.000,3871380
2025-Aug-10 22:15:00.000,3871403
2025-Aug-10 22:30:00.000,3871426
2025-Aug-10 22:45:00.000,3871449
2025-Aug-10 23:00:00.000,3871472
2025-Aug-10 23:15:00.000,3871495
2025-Aug-10 23:30:00.000,3871518
2025-Aug-10 23:45:00.000,3871541
2025-Aug-11 00:00:00.000,3871565
2025-Aug-11 00:15:00.000,3871589
2025-Aug-11 00:30:00.000,3871611
2025-Aug-11 00:45:00.000,3871634
2025-Aug-11 01:00:00.000,3871658
2025-Aug-11 01:15:00.000,3871682
2025-Aug-11 01:30:00.000,3871705
2025-Aug-11 01:45:00.000,3871728
2025-Aug-11 02:00:00.000,3871751
2025-Aug-11 02:15:00.000,3871767
2025-Aug-11 02:30:00.000,3871790
2025-Aug-11 02:45:00.000,3871813
2025-Aug-11 03:00:00.000,3871836
2025-Aug-11 03:15:00.000,3871859
2025-Aug-11 03:30:00.000,3871882
2025-Aug-11 03:45:00.000,3871906
2025-Aug-11 04:00:00.000,3871929
2025-Aug-11 04:15:00.000,3871952
2025-Aug-11 04:30:00.000,3871975
2025-Aug-11 04:45:00.000,3871998
2025-Aug-11 05:00:00.000,3872021
2025-Aug-11 05:15:00.000,3872044
2025-Aug-11 05:30:00.000,3872068
2025-Aug-11 05:45:00.000,3872091
2025-Aug-11 06:00:00.000,3872114
2025-Aug-11 06:15:00.000,3872136
2025-Aug-11 06:30:00.000,3872158
2025-Aug-11 06:45:00.000,3872182
2025-Aug-11 07:00:00.000,3872206
2025-Aug-11 07:15:00.000,3872229
2025-Aug-11 07:30:00.000,3872252
2025-Aug-11 07:45:00.000,3872275
2025-Aug-11 08:00:00.000,3872298
2025-Aug-11 08:15:00.000,3872321
2025-Aug-11 08:30:00.000,3872348
2025-Aug-11 08:45:00.000,3872387
2025-Aug-11 09:00:00.000,3872430
2025-Aug-11 09:15:00.000,3872471
2025-Aug-11 09:30:00.000,3872514
2025-Aug-11 09:45:00.000,3872564
2025-Aug-11 10:00:00.000,3872605
2025-Aug-11 10:15:00.000,3872646
2025-Aug-11 10:30:00.000,3872688
2025-Aug-11 10:45:00.000,3872731
2025-Aug-11 11:00:00.000,3872774
2025-Aug-11 11:15:00.000,3872816
2025-Aug-11 11:30:00.000,3872857
2025-Aug-11 11:45:00.000,3872897
2025-Aug-11 12:00:00.000,3872928
2025-Aug-11 12:15:00.000,3872975
2025-Aug-11 12:30:00.000,3873014
2025-Aug-11 12:45:00.000,3873051
2025-Aug-11 13:00:00.000,3873089
2025-Aug-11 13:15:00.000,3873127
2025-Aug-11 13:30:00.000,3873165
2025-Aug-11 13:45:00.000,3873204
2025-Aug-11 14:00:00.000,3873242
2025-Aug-11 14:15:00.000,3873281
2025-Aug-11 14:30:00.000,3873319
2025-Aug-11 14:45:00.000,3873358
2025-Aug-11 15:00:00.000,3873396
2025-Aug-11 15:15:00.000,3873431
2025-Aug-11 15:30:00.000,3873432
2025-Aug-11 15:45:00.000,3873432
2025-Aug-11 16:00:00.000,3873432
2025-Aug-11 16:15:00.000,3873432
2025-Aug-11 16:30:00.000,3873432
2025-Aug-11 16:45:00.000,3873432
2025-Aug-11 17:00:00.000,3873432
2025-Aug-11 17:15:00.000,3873432
2025-Aug-11 17:30:00.000,3873432
2025-Aug-11 17:45:00.000,3873435
2025-Aug-11 18:00:00.000,3873460
2025-Aug-11 18:15:00.000,3873484
2025-Aug-11 18:30:00.000,3873509
2025-Aug-11 18:45:00.000,3873533
2025-Aug-11 19:00:00.000,3873557
2025-Aug-11 19:15:00.000,3873580
2025-Aug-11 19:30:00.000,3873604
2025-Aug-11 19:45:00.000,3873627
2025-Aug-11 20:00:00.000,3873650
2025-Aug-11 20:15:00.000,3873674
2025-Aug-11 20:30:00.000,3873698
2025-Aug-11 20:45:00.000,3873721
2025-Aug-11 21:00:00.000,3873744
2025-Aug-11 21:15:00.000,3873767
2025-Aug-11 21:30:00.000,3873782
2025-Aug-11 21:45:00.000,3873804
2025-Aug-11 22:00:00.000,3873826
2025-Aug-11 22:15:00.000,3873849
2025-Aug-11 22:30:00.000,3873872
2025-Aug-11 22:45:00.000,3873894
2025-Aug-11 23:00:00.000,3873916
2025-Aug-11 23:15:00.000,3873938
2025-Aug-11 23:30:00.000,3873960
2025-Aug-11 23:45:00.000,3873981
2025-Aug-12 00:00:00.000,3874003
2025-Aug-12 00:15:00.000,3874024
2025-Aug-12 00:30:00.000,3874046
2025-Aug-12 00:45:00.000,3874067
2025-Aug-12 01:00:00.000,3874089
2025-Aug-12 01:15:00.000,3874111
2025-Aug-12 01:30:00.000,3874132
2025-Aug-12 01:45:00.000,3874153
2025-Aug-12 02:00:00.000,3874173
2025-Aug-12 02:15:00.000,3874193
2025-Aug-12 02:30:00.000,3874214
2025-Aug-12 02:45:00.000,3874234
2025-Aug-12 03:00:00.000,3874254
2025-Aug-12 03:15:00.000,3874274
2025-Aug-12 03:30:00.000,3874294
2025-Aug-12 03:45:00.000,3874314
2025-Aug-12 04:00:00.000,3874334
2025-Aug-12 04:15:00.000,3874354
2025-Aug-12 04:30:00.000,3874373
2025-Aug-12 04:45:00.000,3874392
2025-Aug-12 05:00:00.000,3874412
2025-Aug-12 05:15:00.000,3874431
2025-Aug-12 05:30:00.000,3874450
2025-Aug-12 05:45:00.000,3874469
2025-Aug-12 06:00:00.000,3874489
2025-Aug-12 06:15:00.000,3874509
2025-Aug-12 06:30:00.000,3874522
2025-Aug-12 06:45:00.000,3874541
2025-Aug-12 07:00:00.000,3874560
2025-Aug-12 07:15:00.000,3874580
2025-Aug-12 07:30:00.000,3874599
2025-Aug-12 07:45:00.000,3874618
2025-Aug-12 08:00:00.000,3874638
2025-Aug-12 08:15:00.000,3874662
2025-Aug-12 08:30:00.000,3874684
2025-Aug-12 08:45:00.000,3874707
2025-Aug-12 09:00:00.000,3874729
2025-Aug-12 09:15:00.000,3874751
2025-Aug-12 09:30:00.000,3874774
2025-Aug-12 09:45:00.000,3874796
2025-Aug-12 10:00:00.000,3874819
2025-Aug-12 10:15:00.000,3874841
2025-Aug-12 10:30:00.000,3874863
2025-Aug-12 10:45:00.000,3874887
2025-Aug-12 11:00:00.000,3874910
2025-Aug-12 11:15:00.000,3874934
2025-Aug-12 11:30:00.000,3874958
2025-Aug-12 11:45:00.000,3874981
2025-Aug-12 12:00:00.000,3875004
2025-Aug-12 12:15:00.000,3875027
2025-Aug-12 12:30:00.000,3875050
2025-Aug-12 12:45:00.000,3875074
2025-Aug-12 13:00:00.000,3875098
2025-Aug-12 13:15:00.000,3875120
2025-Aug-12 13:30:00.000,3875143
2025-Aug-12 13:45:00.000,3875167
2025-Aug-12 14:00:00.000,3875191
2025-Aug-12 14:15:00.000,3875215
2025-Aug-12 14:30:00.000,3875239
2025-Aug-12 14:45:00.000,3875263
2025-Aug-12 15:00:00.000,3875288
2025-Aug-12 15:15:00.000,3875311
2025-Aug-12 15:30:00.000,3875334
2025-Aug-12 15:45:00.000,3875357
2025-Aug-12 16:00:00.000,3875381
2025-Aug-12 16:15:00.000,3875404
2025-Aug-12 16:30:00.000,3875419
2025-Aug-12 16:45:00.000,3875443
2025-Aug-12 17:00:00.000,3875466
2025-Aug-12 17:15:00.000,3875489
2025-Aug-12 17:30:00.000,3875513
2025-Aug-12 17:45:00.000,3875536
2025-Aug-12 18:00:00.000,3875560
2025-Aug-12 18:15:00.000,3875583
2025-Aug-12 18:30:00.000,3875607
2025-Aug-12 18:45:00.000,3875631
2025-Aug-12 19:00:00.000,3875655
2025-Aug-12 19:15:00.000,3875681
2025-Aug-12 19:30:00.000,3875706
2025-Aug-12 19:45:00.000,3875731
2025-Aug-12 20:00:00.000,3875756
2025-Aug-12 20:15:00.000,3875780
2025-Aug-12 20:30:00.000,3875805
2025-Aug-12 20:45:00.000,3875829
2025-Aug-12 21:00:00.000,3875853
2025-Aug-12 21:15:00.000,3875877
2025-Aug-12 21:30:00.000,3875900
2025-Aug-12 21:45:00.000,3875924
2025-Aug-12 22:00:00.000,3875948
2025-Aug-12 22:15:00.000,3875972
2025-Aug-12 22:30:00.000,3875996
2025-Aug-12 22:45:00.000,3876019
2025-Aug-12 23:00:00.000,3876043
2025-Aug-12 23:15:00.000,3876067
2025-Aug-12 23:30:00.000,3876091
2025-Aug-12 23:45:00.000,3876114
2025-Aug-13 00:00:00.000,3876138
2025-Aug-13 00:15:00.000,3876162
2025-Aug-13 00:30:00.000,3876186
2025-Aug-13 00:45:00.000,3876210
2025-Aug-13 01:00:00.000,3876234
2025-Aug-13 01:15:00.000,3876258
2025-Aug-13 01:30:00.000,3876282
2025-Aug-13 01:45:00.000,3876306
2025-Aug-13 02:00:00.000,3876330
2025-Aug-13 02:15:00.000,3876354
2025-Aug-13 02:30:00.000,3876378
2025-Aug-13 02:45:00.000,3876403
2025-Aug-13 03:00:00.000,3876419
2025-Aug-13 03:15:00.000,3876445
2025-Aug-13 03:30:00.000,3876470
2025-Aug-13 03:45:00.000,3876496
2025-Aug-13 04:00:00.000,3876522
2025-Aug-13 04:15:00.000,3876548
2025-Aug-13 04:30:00.000,3876574
2025-Aug-13 04:45:00.000,3876600
2025-Aug-13 05:00:00.000,3876625
2025-Aug-13 05:15:00.000,3876652
2025-Aug-13 05:30:00.000,3876677
2025-Aug-13 05:45:00.000,3876703
2025-Aug-13 06:00:00.000,3876730
2025-Aug-13 06:15:00.000,3876756
2025-Aug-13 06:30:00.000,3876782
2025-Aug-13 06:45:00.000,3876808
2025-Aug-13 07:00:00.000,3876835
2025-Aug-13 07:15:00.000,3876861
2025-Aug-13 07:30:00.000,3876887
2025-Aug-13 07:45:00.000,3876913
2025-Aug-13 08:00:00.000,3876941
2025-Aug-13 08:15:00.000,3876968
2025-Aug-13 08:30:00.000,3876995
2025-Aug-13 08:45:00.000,3877022
2025-Aug-13 09:00:00.000,3877049
2025-Aug-13 09:15:00.000,3877077
2025-Aug-13 09:30:00.000,3877105
2025-Aug-13 09:45:00.000,3877132
2025-Aug-13 10:00:00.000,3877160
2025-Aug-13 10:15:00.000,3877189
2025-Aug-13 10:30:00.000,3877218
2025-Aug-13 10:45:00.000,3877248
2025-Aug-13 11:00:00.000,3877277
2025-Aug-13 11:15:00.000,3877308
2025-Aug-13 11:30:00.000,3877338
2025-Aug-13 11:45:00.000,3877369
2025-Aug-13 12:00:00.000,3877399
2025-Aug-13 12:15:00.000,3877431
2025-Aug-13 12:30:00.000,3877462
2025-Aug-13 12:45:00.000,3877494
2025-Aug-13 13:00:00.000,3877527
2025-Aug-13 13:15:00.000,3877559
2025-Aug-13 13:30:00.000,3877593
2025-Aug-13 13:45:00.000,3877626
2025-Aug-13 14:00:00.000,3877658
2025-Aug-13 14:15:00.000,3877691
2025-Aug-13 14:30:00.000,3877712
2025-Aug-13 14:45:00.000,3877745
2025-Aug-13 15:00:00.000,3877777
2025-Aug-13 15:15:00.000,3877809
2025-Aug-13 15:30:00.000,3877842
2025-Aug-13 15:45:00.000,3877874
2025-Aug-13 16:00:00.000,3877908
2025-Aug-13 16:15:00.000,3877942
2025-Aug-13 16:30:00.000,3877976
2025-Aug-13 16:45:00.000,3878010
2025-Aug-13 17:00:00.000,3878044
2025-Aug-13 17:15:00.000,3878074
2025-Aug-13 17:30:00.000,3878105
2025-Aug-13 17:45:00.000,3878138
2025-Aug-13 18:00:00.000,3878170
2025-Aug-13 18:15:00.000,3878202
2025-Aug-13 18:30:00.000,3878234
2025-Aug-13 18:45:00.000,3878266
2025-Aug-13 19:00:00.000,3878295
2025-Aug-13 19:15:00.000,3878322
2025-Aug-13 19:30:00.000,3878349
2025-Aug-13 19:45:00.000,3878376
2025-Aug-13 20:00:00.000,3878403
2025-Aug-13 20:15:00.000,3878429
2025-Aug-13 20:30:00.000,3878455
2025-Aug-13 20:45:00.000,3878481
2025-Aug-13 21:00:00.000,3878508
2025-Aug-13 21:15:00.000,3878534
2025-Aug-13 21:30:00.000,3878560
2025-Aug-13 21:45:00.000,3878586
2025-Aug-13 22:00:00.000,3878612
2025-Aug-13 22:15:00.000,3878639
2025-Aug-13 22:30:00.000,3878665
2025-Aug-13 22:45:00.000,3878691
2025-Aug-13 23:00:00.000,3878717
2025-Aug-13 23:15:00.000,3878743
2025-Aug-13 23:30:00.000,3878770
2025-Aug-13 23:45:00.000,3878796
2025-Aug-14 00:00:00.000,3878822
2025-Aug-14 00:15:00.000,3878849
2025-Aug-14 00:30:00.000,3878877
2025-Aug-14 00:45:00.000,3878905
2025-Aug-14 01:00:00.000,3878933
2025-Aug-14 01:15:00.000,3878960
2025-Aug-14 01:30:00.000,3878989
2025-Aug-14 01:45:00.000,3879017
2025-Aug-14 02:00:00.000,3879045
2025-Aug-14 02:15:00.000,3879074
2025-Aug-14 02:30:00.000,3879103
2025-Aug-14 02:45:00.000,3879131
2025-Aug-14 03:00:00.000,3879159
2025-Aug-14 03:15:00.000,3879178
2025-Aug-14 03:30:00.000,3879207
2025-Aug-14 03:45:00.000,3879236
2025-Aug-14 04:00:00.000,3879266
2025-Aug-14 04:15:00.000,3879295
2025-Aug-14 04:30:00.000,3879325
2025-Aug-14 04:45:00.000,3879354
2025-Aug-14 05:00:00.000,3879384
2025-Aug-14 05:15:00.000,3879413
2025-Aug-14 05:30:00.000,3879444
2025-Aug-14 05:45:00.000,3879475
2025-Aug-14 06:00:00.000,3879505
2025-Aug-14 06:15:00.000,3879536
2025-Aug-14 06:30:00.000,3879567
2025-Aug-14 06:45:00.000,3879598
2025-Aug-14 07:00:00.000,3879629
2025-Aug-14 07:15:00.000,3879660
2025-Aug-14 07:30:00.000,3879690
2025-Aug-14 07:45:00.000,3879721
2025-Aug-14 08:00:00.000,3879752
2025-Aug-14 08:15:00.000,3879783
2025-Aug-14 08:30:00.000,3879813
2025-Aug-14 08:45:00.000,3879843
2025-Aug-14 09:00:00.000,3879873
2025-Aug-14 09:15:00.000,3879902
2025-Aug-14 09:30:00.000,3879930
2025-Aug-14 09:45:00.000,3879959
2025-Aug-14 10:00:00.000,3879987
2025-Aug-14 10:15:00.000,3880018
2025-Aug-14 10:30:00.000,3880048
2025-Aug-14 10:45:00.000,3880077
2025-Aug-14 11:00:00.000,3880106
2025-Aug-14 11:15:00.000,3880136
2025-Aug-14 11:30:00.000,3880165
2025-Aug-14 11:45:00.000,3880195
2025-Aug-14 12:00:00.000,3880225
2025-Aug-14 12:15:00.000,3880254
2025-Aug-14 12:30:00.000,3880284
2025-Aug-14 12:45:00.000,3880314
2025-Aug-14 13:00:00.000,3880344
2025-Aug-14 13:15:00.000,3880374
2025-Aug-14 13:30:00.000,3880404
2025-Aug-14 13:45:00.000,3880435
2025-Aug-14 14:00:00.000,3880464
2025-Aug-14 14:15:00.000,3880492
2025-Aug-14 14:30:00.000,3880524
2025-Aug-14 14:45:00.000,3880554
2025-Aug-14 15:00:00.000,3880584
2025-Aug-14 15:15:00.000,3880615
2025-Aug-14 15:30:00.000,3880645
2025-Aug-14 15:45:00.000,3880675
2025-Aug-14 16:00:00.000,3880705
2025-Aug-14 16:15:00.000,3880735
2025-Aug-14 16:30:00.000,3880764
2025-Aug-14 16:45:00.000,3880794
2025-Aug-14 17:00:00.000,3880822
2025-Aug-14 17:15:00.000,3880851
2025-Aug-14 17:30:00.000,3880881
2025-Aug-14 17:45:00.000,3880911
2025-Aug-14 18:00:00.000,3880940
2025-Aug-14 18:15:00.000,3880968
2025-Aug-14 18:30:00.000,3880997
2025-Aug-14 18:45:00.000,3881026
2025-Aug-14 19:00:00.000,3881054
2025-Aug-14 19:15:00.000,3881083
2025-Aug-14 19:30:00.000,3881112
2025-Aug-14 19:45:00.000,3881140
2025-Aug-14 20:00:00.000,3881168
2025-Aug-14 20:15:00.000,3881195
2025-Aug-14 20:30:00.000,3881213
2025-Aug-14 20:45:00.000,3881241
2025-Aug-14 21:00:00.000,3881269
2025-Aug-14 21:15:00.000,3881297
2025-Aug-14 21:30:00.000,3881325
2025-Aug-14 21:45:00.000,3881353
2025-Aug-14 22:00:00.000,3881381
2025-Aug-14 22:15:00.000,3881408
2025-Aug-14 22:30:00.000,3881435
2025-Aug-14 22:45:00.000,3881462
2025-Aug-14 23:00:00.000,3881489
2025-Aug-14 23:15:00.000,3881517
2025-Aug-14 23:30:00.000,3881545
2025-Aug-14 23:45:00.000,3881571
2025-Aug-15 00:00:00.000,3881597
2025-Aug-15 00:15:00.000,3881624
2025-Aug-15 00:30:00.000,3881651
2025-Aug-15 00:45:00.000,3881678
2025-Aug-15 01:00:00.000,3881705
2025-Aug-15 01:15:00.000,3881732
2025-Aug-15 01:30:00.000,3881759
2025-Aug-15 01:45:00.000,3881786
2025-Aug-15 02:00:00.000,3881813
2025-Aug-15 02:15:00.000,3881840
2025-Aug-15 02:30:00.000,3881867
2025-Aug-15 02:45:00.000,3881894
2025-Aug-15 03:00:00.000,3881920
2025-Aug-15 03:15:00.000,3881946
2025-Aug-15 03:30:00.000,3881972
2025-Aug-15 03:45:00.000,3881998
2025-Aug-15 04:00:00.000,3882025
2025-Aug-15 04:15:00.000,3882052
2025-Aug-15 04:30:00.000,3882079
2025-Aug-15 04:45:00.000,3882106
2025-Aug-15 05:00:00.000,3882131
2025-Aug-15 05:15:00.000,3882157
2025-Aug-15 05:30:00.000,3882184
2025-Aug-15 05:45:00.000,3882210
2025-Aug-15 06:00:00.000,3882237
2025-Aug-15 06:15:00.000,3882263
2025-Aug-15 06:30:00.000,3882289
2025-Aug-15 06:45:00.000,3882307
2025-Aug-15 07:00:00.000,3882333
2025-Aug-15 07:15:00.000,3882360
2025-Aug-15 07:30:00.000,3882387
2025-Aug-15 07:45:00.000,3882414
2025-Aug-15 08:00:00.000,3882441
2025-Aug-15 08:15:00.000,3882469
2025-Aug-15 08:30:00.000,3882497
2025-Aug-15 08:45:00.000,3882526
2025-Aug-15 09:00:00.000,3882554
2025-Aug-15 09:15:00.000,3882583
2025-Aug-15 09:30:00.000,3882614
2025-Aug-15 09:45:00.000,3882644
2025-Aug-15 10:00:00.000,3882674
2025-Aug-15 10:15:00.000,3882705
2025-Aug-15 10:30:00.000,3882736
2025-Aug-15 10:45:00.000,3882768
2025-Aug-15 11:00:00.000,3882800
2025-Aug-15 11:15:00.000,3882833
2025-Aug-15 11:30:00.000,3882865
2025-Aug-15 11:45:00.000,3882897
2025-Aug-15 12:00:00.000,3882929
2025-Aug-15 12:15:00.000,3882961
2025-Aug-15 12:30:00.000,3882994
2025-Aug-15 12:45:00.000,3883026
2025-Aug-15 13:00:00.000,3883058
2025-Aug-15 13:15:00.000,3883091
2025-Aug-15 13:30:00.000,3883124
2025-Aug-15 13:45:00.000,3883155
2025-Aug-15 14:00:00.000,3883184
2025-Aug-15 14:15:00.000,3883213
2025-Aug-15 14:30:00.000,3883241
2025-Aug-15 14:45:00.000,3883268
2025-Aug-15 15:00:00.000,3883296
2025-Aug-15 15:15:00.000,3883324
2025-Aug-15 15:30:00.000,3883352
2025-Aug-15 15:45:00.000,3883379
2025-Aug-15 16:00:00.000,3883406
2025-Aug-15 16:15:00.000,3883433
2025-Aug-15 16:30:00.000,3883460
2025-Aug-15 16:45:00.000,3883487
2025-Aug-15 17:00:00.000,3883515
2025-Aug-15 17:15:00.000,3883542
2025-Aug-15 17:30:00.000,3883570
2025-Aug-15 17:45:00.000,3883589
2025-Aug-15 18:00:00.000,3883618
2025-Aug-15 18:15:00.000,3883646
2025-Aug-15 18:30:00.000,3883678
2025-Aug-15 18:45:00.000,3883711
2025-Aug-15 19:00:00.000,3883742
2025-Aug-15 19:15:00.000,3883773
2025-Aug-15 19:30:00.000,3883804
2025-Aug-15 19:45:00.000,3883835
2025-Aug-15 20:00:00.000,3883865
2025-Aug-15 20:15:00.000,3883896
2025-Aug-15 20:30:00.000,3883927
2025-Aug-15 20:45:00.000,3883958
2025-Aug-15 21:00:00.000,3883989
2025-Aug-15 21:15:00.000,3884019
2025-Aug-15 21:30:00.000,3884049
2025-Aug-15 21:45:00.000,3884079
2025-Aug-15 22:00:00.000,3884109
2025-Aug-15 22:15:00.000,3884140
2025-Aug-15 22:30:00.000,3884169
2025-Aug-15 22:45:00.000,3884199
2025-Aug-15 23:00:00.000,3884230
2025-Aug-15 23:15:00.000,3884260
2025-Aug-15 23:30:00.000,3884290
2025-Aug-15 23:45:00.000,3884320
2025-Aug-16 00:00:00.000,3884350
2025-Aug-16 00:15:00.000,3884380
2025-Aug-16 00:30:00.000,3884410
2025-Aug-16 00:45:00.000,3884440
2025-Aug-16 01:00:00.000,3884469
2025-Aug-16 01:15:00.000,3884499
2025-Aug-16 01:30:00.000,3884529
2025-Aug-16 01:45:00.000,3884558
2025-Aug-16 02:00:00.000,3884587
2025-Aug-16 02:15:00.000,3884616
2025-Aug-16 02:30:00.000,3884646
2025-Aug-16 02:45:00.000,3884675
2025-Aug-16 03:00:00.000,3884704
2025-Aug-16 03:15:00.000,3884733
2025-Aug-16 03:30:00.000,3884763
2025-Aug-16 03:45:00.000,3884792
2025-Aug-16 04:00:00.000,3884821
2025-Aug-16 04:15:00.000,3884850
2025-Aug-16 04:30:00.000,3884880
2025-Aug-16 04:45:00.000,3884909
2025-Aug-16 05:00:00.000,3884938
2025-Aug-16 05:15:00.000,3884968
2025-Aug-16 05:30:00.000,3884997
2025-Aug-16 05:45:00.000,3885026
2025-Aug-16 06:00:00.000,3885055
2025-Aug-16 06:15:00.000,3885085
2025-Aug-16 06:30:00.000,3885114
2025-Aug-16 06:45:00.000,3885133
2025-Aug-16 07:00:00.000,3885163
2025-Aug-16 07:15:00.000,3885191
2025-Aug-16 07:30:00.000,3885220
2025-Aug-16 07:45:00.000,3885249
2025-Aug-16 08:00:00.000,3885278
2025-Aug-16 08:15:00.000,3885307
2025-Aug-16 08:30:00.000,3885338
2025-Aug-16 08:45:00.000,3885369
2025-Aug-16 09:00:00.000,3885400
2025-Aug-16 09:15:00.000,3885430
2025-Aug-16 09:30:00.000,3885461
2025-Aug-16 09:45:00.000,3885492
2025-Aug-16 10:00:00.000,3885523
2025-Aug-16 10:15:00.000,3885554
2025-Aug-16 10:30:00.000,3885585
2025-Aug-16 10:45:00.000,3885616
2025-Aug-16 11:00:00.000,3885646
2025-Aug-16 11:15:00.000,3885677
2025-Aug-16 11:30:00.000,3885708
2025-Aug-16 11:45:00.000,3885739
2025-Aug-16 12:00:00.000,3885770
2025-Aug-16 12:15:00.000,3885800
2025-Aug-16 12:30:00.000,3885830
2025-Aug-16 12:45:00.000,3885861
2025-Aug-16 13:00:00.000,3885892
2025-Aug-16 13:15:00.000,3885924
2025-Aug-16 13:30:00.000,3885955
2025-Aug-16 13:45:00.000,3885987
2025-Aug-16 14:00:00.000,3886020
2025-Aug-16 14:15:00.000,3886052
2025-Aug-16 14:30:00.000,3886085
2025-Aug-16 14:45:00.000,3886118
2025-Aug-16 15:00:00.000,3886151
2025-Aug-16 15:15:00.000,3886183
2025-Aug-16 15:30:00.000,3886216
2025-Aug-16 15:45:00.000,3886248
2025-Aug-16 16:00:00.000,3886281
2025-Aug-16 16:15:00.000,3886315
2025-Aug-16 16:30:00.000,3886349
2025-Aug-16 16:45:00.000,3886381
2025-Aug-16 17:00:00.000,3886416
2025-Aug-16 17:15:00.000,3886448
2025-Aug-16 17:30:00.000,3886478
2025-Aug-16 17:45:00.000,3886499
2025-Aug-16 18:00:00.000,3886530
2025-Aug-16 18:15:00.000,3886560
2025-Aug-16 18:30:00.000,3886591
2025-Aug-16 18:45:00.000,3886621
2025-Aug-16 19:00:00.000,3886651
2025-Aug-16 19:15:00.000,3886680
2025-Aug-16 19:30:00.000,3886711
2025-Aug-16 19:45:00.000,3886740
2025-Aug-16 20:00:00.000,3886769
2025-Aug-16 20:15:00.000,3886798
2025-Aug-16 20:30:00.000,3886827
2025-Aug-16 20:45:00.000,3886857
2025-Aug-16 21:00:00.000,3886886
2025-Aug-16 21:15:00.000,3886914
2025-Aug-16 21:30:00.000,3886943
2025-Aug-16 21:45:00.000,3886971
2025-Aug-16 22:00:00.000,3886999
2025-Aug-16 22:15:00.000,3887026
2025-Aug-16 22:30:00.000,3887053
2025-Aug-16 22:45:00.000,3887080
2025-Aug-16 23:00:00.000,3887107
2025-Aug-16 23:15:00.000,3887134
2025-Aug-16 23:30:00.000,3887161
2025-Aug-16 23:45:00.000,3887188
2025-Aug-17 00:00:00.000,3887215
2025-Aug-17 00:15:00.000,3887242
2025-Aug-17 00:30:00.000,3887269
2025-Aug-17 00:45:00.000,3887296
2025-Aug-17 01:00:00.000,3887323
2025-Aug-17 01:15:00.000,3887350
2025-Aug-17 01:30:00.000,3887376
2025-Aug-17 01:45:00.000,3887403
2025-Aug-17 02:00:00.000,3887430
2025-Aug-17 02:15:00.000,3887457
2025-Aug-17 02:30:00.000,3887484
2025-Aug-17 02:45:00.000,3887511
2025-Aug-17 03:00:00.000,3887538
2025-Aug-17 03:15:00.000,3887565
2025-Aug-17 03:30:00.000,3887592
2025-Aug-17 03:45:00.000,3887619
2025-Aug-17 04:00:00.000,3887645
2025-Aug-17 04:15:00.000,3887672
2025-Aug-17 04:30:00.000,3887698
2025-Aug-17 04:45:00.000,3887716
2025-Aug-17 05:00:00.000,3887742
2025-Aug-17 05:15:00.000,3887769
2025-Aug-17 05:30:00.000,3887796
2025-Aug-17 05:45:00.000,3887822
2025-Aug-17 06:00:00.000,3887849
2025-Aug-17 06:15:00.000,3887876
2025-Aug-17 06:30:00.000,3887902
2025-Aug-17 06:45:00.000,3887928
2025-Aug-17 07:00:00.000,3887954
2025-Aug-17 07:15:00.000,3887981
2025-Aug-17 07:30:00.000,3888007
2025-Aug-17 07:45:00.000,3888034
2025-Aug-17 08:00:00.000,3888061
2025-Aug-17 08:15:00.000,3888089
2025-Aug-17 08:30:00.000,3888118
2025-Aug-17 08:45:00.000,3888147
2025-Aug-17 09:00:00.000,3888177
2025-Aug-17 09:15:00.000,3888207
2025-Aug-17 09:30:00.000,3888238
2025-Aug-17 09:45:00.000,3888268
2025-Aug-17 10:00:00.000,3888298
2025-Aug-17 10:15:00.000,3888327
2025-Aug-17 10:30:00.000,3888357
2025-Aug-17 10:45:00.000,3888386
2025-Aug-17 11:00:00.000,3888417
2025-Aug-17 11:15:00.000,3888448
2025-Aug-17 11:30:00.000,3888478
2025-Aug-17 11:45:00.000,3888508
2025-Aug-17 12:00:00.000,3888538
2025-Aug-17 12:15:00.000,3888568
2025-Aug-17 12:30:00.000,3888599
2025-Aug-17 12:45:00.000,3888628
2025-Aug-17 13:00:00.000,3888658
2025-Aug-17 13:15:00.000,3888687
2025-Aug-17 13:30:00.000,3888716
2025-Aug-17 13:45:00.000,3888745
2025-Aug-17 14:00:00.000,3888776
2025-Aug-17 14:15:00.000,3888807
2025-Aug-17 14:30:00.000,3888838
2025-Aug-17 14:45:00.000,3888869
2025-Aug-17 15:00:00.000,3888899
2025-Aug-17 15:15:00.000,3888929
2025-Aug-17 15:30:00.000,3888949
2025-Aug-17 15:45:00.000,3888979
2025-Aug-17 16:00:00.000,3889009
2025-Aug-17 16:15:00.000,3889039
2025-Aug-17 16:30:00.000,3889070
2025-Aug-17 16:45:00.000,3889101
2025-Aug-17 17:00:00.000,3889132
2025-Aug-17 17:15:00.000,3889163
2025-Aug-17 17:30:00.000,3889194
2025-Aug-17 17:45:00.000,3889224
2025-Aug-17 18:00:00.000,3889254
2025-Aug-17 18:15:00.000,3889283
2025-Aug-17 18:30:00.000,3889312
2025-Aug-17 18:45:00.000,3889342
2025-Aug-17 19:00:00.000,3889372
2025-Aug-17 19:15:00.000,3889402
2025-Aug-17 19:30:00.000,3889431
2025-Aug-17 19:45:00.000,3889460
2025-Aug-17 20:00:00.000,3889490
2025-Aug-17 20:15:00.000,3889520
2025-Aug-17 20:30:00.000,3889549
2025-Aug-17 20:45:00.000,3889578
2025-Aug-17 21:00:00.000,3889608
2025-Aug-17 21:15:00.000,3889637
2025-Aug-17 21:30:00.000,3889667
2025-Aug-17 21:45:00.000,3889696
2025-Aug-17 22:00:00.000,3889725
2025-Aug-17 22:15:00.000,3889755
2025-Aug-17 22:30:00.000,3889784
2025-Aug-17 22:45:00.000,3889813
2025-Aug-17 23:00:00.000,3889842
2025-Aug-17 23:15:00.000,3889872
2025-Aug-17 23:30:00.000,3889901
2025-Aug-17 23:45:00.000,3889931
2025-Aug-18 00:00:00.000,3889961
2025-Aug-18 00:15:00.000,3889991
2025-Aug-18 00:30:00.000,3890021
2025-Aug-18 00:45:00.000,3890052
2025-Aug-18 01:00:00.000,3890082
2025-Aug-18 01:15:00.000,3890102
2025-Aug-18 01:30:00.000,3890132
2025-Aug-18 01:45:00.000,3890162
2025-Aug-18 02:00:00.000,3890191
2025-Aug-18 02:15:00.000,3890220
2025-Aug-18 02:30:00.000,3890249
2025-Aug-18 02:45:00.000,3890279
2025-Aug-18 03:00:00.000,3890308
2025-Aug-18 03:15:00.000,3890337
2025-Aug-18 03:30:00.000,3890367
2025-Aug-18 03:45:00.000,3890396
2025-Aug-18 04:00:00.000,3890426
2025-Aug-18 04:15:00.000,3890455
2025-Aug-18 04:30:00.000,3890484
2025-Aug-18 04:45:00.000,3890514
2025-Aug-18 05:00:00.000,3890543
2025-Aug-18 05:15:00.000,3890572
2025-Aug-18 05:30:00.000,3890601
2025-Aug-18 05:45:00.000,3890629
2025-Aug-18 06:00:00.000,3890658
2025-Aug-18 06:15:00.000,3890686
2025-Aug-18 06:30:00.000,3890715
2025-Aug-18 06:45:00.000,3890744
2025-Aug-18 07:00:00.000,3890772
2025-Aug-18 07:15:00.000,3890800
2025-Aug-18 07:30:00.000,3890829
2025-Aug-18 07:45:00.000,3890857
2025-Aug-18 08:00:00.000,3890886
2025-Aug-18 08:15:00.000,3890915
2025-Aug-18 08:30:00.000,3890946
2025-Aug-18 08:45:00.000,3890977
2025-Aug-18 09:00:00.000,3891007
2025-Aug-18 09:15:00.000,3891045
2025-Aug-18 09:30:00.000,3891078
2025-Aug-18 09:45:00.000,3891112
2025-Aug-18 10:00:00.000,3891143
2025-Aug-18 10:15:00.000,3891175
2025-Aug-18 10:30:00.000,3891208
2025-Aug-18 10:45:00.000,3891244
2025-Aug-18 11:00:00.000,3891281
2025-Aug-18 11:15:00.000,3891316
2025-Aug-18 11:30:00.000,3891353
2025-Aug-18 11:45:00.000,3891389
2025-Aug-18 12:00:00.000,3891426
2025-Aug-18 12:15:00.000,3891450
2025-Aug-18 12:30:00.000,3891487
2025-Aug-18 12:45:00.000,3891523
2025-Aug-18 13:00:00.000,3891560
2025-Aug-18 13:15:00.000,3891597
2025-Aug-18 13:30:00.000,3891631
2025-Aug-18 13:45:00.000,3891666
2025-Aug-18 14:00:00.000,3891702
2025-Aug-18 14:15:00.000,3891741
2025-Aug-18 14:30:00.000,3891779
2025-Aug-18 14:45:00.000,3891818
2025-Aug-18 15:00:00.000,3891855
2025-Aug-18 15:15:00.000,3891891
2025-Aug-18 15:30:00.000,3891926
2025-Aug-18 15:45:00.000,3891963
2025-Aug-18 16:00:00.000,3891999
2025-Aug-18 16:15:00.000,3892035
2025-Aug-18 16:30:00.000,3892070
2025-Aug-18 16:45:00.000,3892105
2025-Aug-18 17:00:00.000,3892140
2025-Aug-18 17:15:00.000,3892177
2025-Aug-18 17:30:00.000,3892212
2025-Aug-18 17:45:00.000,3892249
2025-Aug-18 18:00:00.000,3892285
2025-Aug-18 18:15:00.000,3892320
2025-Aug-18 18:30:00.000,3892356
2025-Aug-18 18:45:00.000,3892392
2025-Aug-18 19:00:00.000,3892428
2025-Aug-18 19:15:00.000,3892465
2025-Aug-18 19:30:00.000,3892503
2025-Aug-18 19:45:00.000,3892540
2025-Aug-18 20:00:00.000,3892578
2025-Aug-18 20:15:00.000,3892614
2025-Aug-18 20:30:00.000,3892650
2025-Aug-18 20:45:00.000,3892691
2025-Aug-18 21:00:00.000,3892733
2025-Aug-18 21:15:00.000,3892772
2025-Aug-18 21:30:00.000,3892810
2025-Aug-18 21:45:00.000,3892849
2025-Aug-18 22:00:00.000,3892888
2025-Aug-18 22:15:00.000,3892926
2025-Aug-18 22:30:00.000,3892964
2025-Aug-18 22:45:00.000,3892989
2025-Aug-18 23:00:00.000,3893028
2025-Aug-18 23:15:00.000,3893065
2025-Aug-18 23:30:00.000,3893104
2025-Aug-18 23:45:00.000,3893143
2025-Aug-19 00:00:00.000,3893182
2025-Aug-19 00:15:00.000,3893220
2025-Aug-19 00:30:00.000,3893258
2025-Aug-19 00:45:00.000,3893296
2025-Aug-19 01:00:00.000,3893334
2025-Aug-19 01:15:00.000,3893371
2025-Aug-19 01:30:00.000,3893409
2025-Aug-19 01:45:00.000,3893447
2025-Aug-19 02:00:00.000,3893485
2025-Aug-19 02:15:00.000,3893523
2025-Aug-19 02:30:00.000,3893560
2025-Aug-19 02:45:00.000,3893598
2025-Aug-19 03:00:00.000,3893637
2025-Aug-19 03:15:00.000,3893675
2025-Aug-19 03:30:00.000,3893713
2025-Aug-19 03:45:00.000,3893750
2025-Aug-19 04:00:00.000,3893788
2025-Aug-19 04:15:00.000,3893825
2025-Aug-19 04:30:00.000,3893862
2025-Aug-19 04:45:00.000,3893899
2025-Aug-19 05:00:00.000,3893936
2025-Aug-19 05:15:00.000,3893974
2025-Aug-19 05:30:00.000,3894010
2025-Aug-19 05:45:00.000,3894047
2025-Aug-19 06:00:00.000,3894084
2025-Aug-19 06:15:00.000,3894120
2025-Aug-19 06:30:00.000,3894156
2025-Aug-19 06:45:00.000,3894190
2025-Aug-19 07:00:00.000,3894225
2025-Aug-19 07:15:00.000,3894262
2025-Aug-19 07:30:00.000,3894298
2025-Aug-19 07:45:00.000,3894335
2025-Aug-19 08:00:00.000,3894372
2025-Aug-19 08:15:00.000,3894409
2025-Aug-19 08:30:00.000,3894448
2025-Aug-19 08:45:00.000,3894487
2025-Aug-19 09:00:00.000,3894527
2025-Aug-19 09:15:00.000,3894568
2025-Aug-19 09:30:00.000,3894609
2025-Aug-19 09:45:00.000,3894638
2025-Aug-19 10:00:00.000,3894680
2025-Aug-19 10:15:00.000,3894722
2025-Aug-19 10:30:00.000,3894763
2025-Aug-19 10:45:00.000,3894804
2025-Aug-19 11:00:00.000,3894846
2025-Aug-19 11:15:00.000,3894889
2025-Aug-19 11:30:00.000,3894932
2025-Aug-19 11:45:00.000,3894973
2025-Aug-19 12:00:00.000,3895015
2025-Aug-19 12:15:00.000,3895059
2025-Aug-19 12:30:00.000,3895104
2025-Aug-19 12:45:00.000,3895147
2025-Aug-19 13:00:00.000,3895190
2025-Aug-19 13:15:00.000,3895234
2025-Aug-19 13:30:00.000,3895278
2025-Aug-19 13:45:00.000,3895320
2025-Aug-19 14:00:00.000,3895365
2025-Aug-19 14:15:00.000,3895412
2025-Aug-19 14:30:00.000,3895459
2025-Aug-19 14:45:00.000,3895504
2025-Aug-19 15:00:00.000,3895549
2025-Aug-19 15:15:00.000,3895593
2025-Aug-19 15:30:00.000,3895636
2025-Aug-19 15:45:00.000,3895677
2025-Aug-19 16:00:00.000,3895717
2025-Aug-19 16:15:00.000,3895759
2025-Aug-19 16:30:00.000,3895801
2025-Aug-19 16:45:00.000,3895842
2025-Aug-19 17:00:00.000,3895884
2025-Aug-19 17:15:00.000,3895926
2025-Aug-19 17:30:00.000,3895967
2025-Aug-19 17:45:00.000,3896007
2025-Aug-19 18:00:00.000,3896046
2025-Aug-19 18:15:00.000,3896084
2025-Aug-19 18:30:00.000,3896122
2025-Aug-19 18:45:00.000,3896158
2025-Aug-19 19:00:00.000,3896195
2025-Aug-19 19:15:00.000,3896233
2025-Aug-19 19:30:00.000,3896271
2025-Aug-19 19:45:00.000,3896308
2025-Aug-19 20:00:00.000,3896345
2025-Aug-19 20:15:00.000,3896382
2025-Aug-19 20:30:00.000,3896419
2025-Aug-19 20:45:00.000,3896456
2025-Aug-19 21:00:00.000,3896492
2025-Aug-19 21:15:00.000,3896528
2025-Aug-19 21:30:00.000,3896564
2025-Aug-19 21:45:00.000,3896588
2025-Aug-19 22:00:00.000,3896625
2025-Aug-19 22:15:00.000,3896661
2025-Aug-19 22:30:00.000,3896698
2025-Aug-19 22:45:00.000,3896735
2025-Aug-19 23:00:00.000,3896773
2025-Aug-19 23:15:00.000,3896810
2025-Aug-19 23:30:00.000,3896847
2025-Aug-19 23:45:00.000,3896886
2025-Aug-20 00:00:00.000,3896924
2025-Aug-20 00:15:00.000,3896962
2025-Aug-20 00:30:00.000,3896999
2025-Aug-20 00:45:00.000,3897037
2025-Aug-20 01:00:00.000,3897073
2025-Aug-20 01:15:00.000,3897111
2025-Aug-20 01:30:00.000,3897147
2025-Aug-20 01:45:00.000,3897184
2025-Aug-20 02:00:00.000,3897220
2025-Aug-20 02:15:00.000,3897257
2025-Aug-20 02:30:00.000,3897293
2025-Aug-20 02:45:00.000,3897329
2025-Aug-20 03:00:00.000,3897365
2025-Aug-20 03:15:00.000,3897401
2025-Aug-20 03:30:00.000,3897437
2025-Aug-20 03:45:00.000,3897473
2025-Aug-20 04:00:00.000,3897509
2025-Aug-20 04:15:00.000,3897545
2025-Aug-20 04:30:00.000,3897581
2025-Aug-20 04:45:00.000,3897616
2025-Aug-20 05:00:00.000,3897651
2025-Aug-20 05:15:00.000,3897686
2025-Aug-20 05:30:00.000,3897722
2025-Aug-20 05:45:00.000,3897757
2025-Aug-20 06:00:00.000,3897791
2025-Aug-20 06:15:00.000,3897825
2025-Aug-20 06:30:00.000,3897859
2025-Aug-20 06:45:00.000,3897893
2025-Aug-20 07:00:00.000,3897927
2025-Aug-20 07:15:00.000,3897961
2025-Aug-20 07:30:00.000,3897997
2025-Aug-20 07:45:00.000,3898021
2025-Aug-20 08:00:00.000,3898057
2025-Aug-20 08:15:00.000,3898094
2025-Aug-20 08:30:00.000,3898130
2025-Aug-20 08:45:00.000,3898168
2025-Aug-20 09:00:00.000,3898206
2025-Aug-20 09:15:00.000,3898244
2025-Aug-20 09:30:00.000,3898283
2025-Aug-20 09:45:00.000,3898321
2025-Aug-20 10:00:00.000,3898360
2025-Aug-20 10:15:00.000,3898399
2025-Aug-20 10:30:00.000,3898439
2025-Aug-20 10:45:00.000,3898478
2025-Aug-20 11:00:00.000,3898516
2025-Aug-20 11:15:00.000,3898554
2025-Aug-20 11:30:00.000,3898592
2025-Aug-20 11:45:00.000,3898631
2025-Aug-20 12:00:00.000,3898668
2025-Aug-20 12:15:00.000,3898706
2025-Aug-20 12:30:00.000,3898745
2025-Aug-20 12:45:00.000,3898784
2025-Aug-20 13:00:00.000,3898823
2025-Aug-20 13:15:00.000,3898861
2025-Aug-20 13:30:00.000,3898901
2025-Aug-20 13:45:00.000,3898939
2025-Aug-20 14:00:00.000,3898978
2025-Aug-20 14:15:00.000,3899017
2025-Aug-20 14:30:00.000,3899057
2025-Aug-20 14:45:00.000,3899096
2025-Aug-20 15:00:00.000,3899135
2025-Aug-20 15:15:00.000,3899175
2025-Aug-20 15:30:00.000,3899214
2025-Aug-20 15:45:00.000,3899252
2025-Aug-20 16:00:00.000,3899292
2025-Aug-20 16:15:00.000,3899333
2025-Aug-20 16:30:00.000,3899373
2025-Aug-20 16:45:00.000,3899413
2025-Aug-20 17:00:00.000,3899454
2025-Aug-20 17:15:00.000,3899494
2025-Aug-20 17:30:00.000,3899534
2025-Aug-20 17:45:00.000,3899570
2025-Aug-20 18:00:00.000,3899606
2025-Aug-20 18:15:00.000,3899642
2025-Aug-20 18:30:00.000,3899667
2025-Aug-20 18:45:00.000,3899705
2025-Aug-20 19:00:00.000,3899742
2025-Aug-20 19:15:00.000,3899780
2025-Aug-20 19:30:00.000,3899818
2025-Aug-20 19:45:00.000,3899856
2025-Aug-20 20:00:00.000,3899892
2025-Aug-20 20:15:00.000,3899929
2025-Aug-20 20:30:00.000,3899966
2025-Aug-20 20:45:00.000,3900004
2025-Aug-20 21:00:00.000,3900042
2025-Aug-20 21:15:00.000,3900079
2025-Aug-20 21:30:00.000,3900117
2025-Aug-20 21:45:00.000,3900154
2025-Aug-20 22:00:00.000,3900190
2025-Aug-20 22:15:00.000,3900229
2025-Aug-20 22:30:00.000,3900267
2025-Aug-20 22:45:00.000,3900305
2025-Aug-20 23:00:00.000,3900344
2025-Aug-20 23:15:00.000,3900381
2025-Aug-20 23:30:00.000,3900420
2025-Aug-20 23:45:00.000,3900457
2025-Aug-21 00:00:00.000,3900494
2025-Aug-21 00:15:00.000,3900530
2025-Aug-21 00:30:00.000,3900569
2025-Aug-21 00:45:00.000,3900605
2025-Aug-21 01:00:00.000,3900643
2025-Aug-21 01:15:00.000,3900679
2025-Aug-21 01:30:00.000,3900716
2025-Aug-21 01:45:00.000,3900752
2025-Aug-21 02:00:00.000,3900790
2025-Aug-21 02:15:00.000,3900827
2025-Aug-21 02:30:00.000,3900865
2025-Aug-21 02:45:00.000,3900902
2025-Aug-21 03:00:00.000,3900938
2025-Aug-21 03:15:00.000,3900976
2025-Aug-21 03:30:00.000,3901013
2025-Aug-21 03:45:00.000,3901050
2025-Aug-21 04:00:00.000,3901087
2025-Aug-21 04:15:00.000,3901124
2025-Aug-21 04:30:00.000,3901148
2025-Aug-21 04:45:00.000,3901184
2025-Aug-21 05:00:00.000,3901220
2025-Aug-21 05:15:00.000,3901256
2025-Aug-21 05:30:00.000,3901293
2025-Aug-21 05:45:00.000,3901329
2025-Aug-21 06:00:00.000,3901365
2025-Aug-21 06:15:00.000,3901402
2025-Aug-21 06:30:00.000,3901439
2025-Aug-21 06:45:00.000,3901475
2025-Aug-21 07:00:00.000,3901511
2025-Aug-21 07:15:00.000,3901548
2025-Aug-21 07:30:00.000,3901586
2025-Aug-21 07:45:00.000,3901624
2025-Aug-21 08:00:00.000,3901663
2025-Aug-21 08:15:00.000,3901702
2025-Aug-21 08:30:00.000,3901742
2025-Aug-21 08:45:00.000,3901782
2025-Aug-21 09:00:00.000,3901823
2025-Aug-21 09:15:00.000,3901864
2025-Aug-21 09:30:00.000,3901905
2025-Aug-21 09:45:00.000,3901947
2025-Aug-21 10:00:00.000,3901988
2025-Aug-21 10:15:00.000,3902026
2025-Aug-21 10:30:00.000,3902065
2025-Aug-21 10:45:00.000,3902106
2025-Aug-21 11:00:00.000,3902146
2025-Aug-21 11:15:00.000,3902187
2025-Aug-21 11:30:00.000,3902228
2025-Aug-21 11:45:00.000,3902268
2025-Aug-21 12:00:00.000,3902308
2025-Aug-21 12:15:00.000,3902347
2025-Aug-21 12:30:00.000,3902385
2025-Aug-21 12:45:00.000,3902423
2025-Aug-21 13:00:00.000,3902462
2025-Aug-21 13:15:00.000,3902501
2025-Aug-21 13:30:00.000,3902540
2025-Aug-21 13:45:00.000,3902579
2025-Aug-21 14:00:00.000,3902620
2025-Aug-21 14:15:00.000,3902662
2025-Aug-21 14:30:00.000,3902705
2025-Aug-21 14:45:00.000,3902748
2025-Aug-21 15:00:00.000,3902792
2025-Aug-21 15:15:00.000,3902821
2025-Aug-21 15:30:00.000,3902864
2025-Aug-21 15:45:00.000,3902905
2025-Aug-21 16:00:00.000,3902948
2025-Aug-21 16:15:00.000,3902990
2025-Aug-21 16:30:00.000,3903031
2025-Aug-21 16:45:00.000,3903072
2025-Aug-21 17:00:00.000,3903113
2025-Aug-21 17:15:00.000,3903152
2025-Aug-21 17:30:00.000,3903190
2025-Aug-21 17:45:00.000,3903227
2025-Aug-21 18:00:00.000,3903262
2025-Aug-21 18:15:00.000,3903299
2025-Aug-21 18:30:00.000,3903336
2025-Aug-21 18:45:00.000,3903374
2025-Aug-21 19:00:00.000,3903411
2025-Aug-21 19:15:00.000,3903447
2025-Aug-21 19:30:00.000,3903483
2025-Aug-21 19:45:00.000,3903519
2025-Aug-21 20:00:00.000,3903556
2025-Aug-21 20:15:00.000,3903593
2025-Aug-21 20:30:00.000,3903629
2025-Aug-21 20:45:00.000,3903664
2025-Aug-21 21:00:00.000,3903700
2025-Aug-21 21:15:00.000,3903736
2025-Aug-21 21:30:00.000,3903772
2025-Aug-21 21:45:00.000,3903809
2025-Aug-21 22:00:00.000,3903845
2025-Aug-21 22:15:00.000,3903882
2025-Aug-21 22:30:00.000,3903918
2025-Aug-21 22:45:00.000,3903954
2025-Aug-21 23:00:00.000,3903992
2025-Aug-21 23:15:00.000,3904029
2025-Aug-21 23:30:00.000,3904066
2025-Aug-21 23:45:00.000,3904103
2025-Aug-22 00:00:00.000,3904138
2025-Aug-22 00:15:00.000,3904175
2025-Aug-22 00:30:00.000,3904211
2025-Aug-22 00:45:00.000,3904246
2025-Aug-22 01:00:00.000,3904282
2025-Aug-22 01:15:00.000,3904306
2025-Aug-22 01:30:00.000,3904342
2025-Aug-22 01:45:00.000,3904377
2025-Aug-22 02:00:00.000,3904413
2025-Aug-22 02:15:00.000,3904450
2025-Aug-22 02:30:00.000,3904485
2025-Aug-22 02:45:00.000,3904521
2025-Aug-22 03:00:00.000,3904557
2025-Aug-22 03:15:00.000,3904592
2025-Aug-22 03:30:00.000,3904628
2025-Aug-22 03:45:00.000,3904665
2025-Aug-22 04:00:00.000,3904701
2025-Aug-22 04:15:00.000,3904738
2025-Aug-22 04:30:00.000,3904776
2025-Aug-22 04:45:00.000,3904814
2025-Aug-22 05:00:00.000,3904852
2025-Aug-22 05:15:00.000,3904890
2025-Aug-22 05:30:00.000,3904928
2025-Aug-22 05:45:00.000,3904967
2025-Aug-22 06:00:00.000,3905005
2025-Aug-22 06:15:00.000,3905042
2025-Aug-22 06:30:00.000,3905080
2025-Aug-22 06:45:00.000,3905117
2025-Aug-22 07:00:00.000,3905156
2025-Aug-22 07:15:00.000,3905193
2025-Aug-22 07:30:00.000,3905219
2025-Aug-22 07:45:00.000,3905258
2025-Aug-22 08:00:00.000,3905298
2025-Aug-22 08:15:00.000,3905339
2025-Aug-22 08:30:00.000,3905379
2025-Aug-22 08:45:00.000,3905419
2025-Aug-22 09:00:00.000,3905460
2025-Aug-22 09:15:00.000,3905500
2025-Aug-22 09:30:00.000,3905539
2025-Aug-22 09:45:00.000,3905576
2025-Aug-22 10:00:00.000,3905615
2025-Aug-22 10:15:00.000,3905653
2025-Aug-22 10:30:00.000,3905692
2025-Aug-22 10:45:00.000,3905730
2025-Aug-22 11:00:00.000,3905770
2025-Aug-22 11:15:00.000,3905807
2025-Aug-22 11:30:00.000,3905846
2025-Aug-22 11:45:00.000,3905885
2025-Aug-22 12:00:00.000,3905924
2025-Aug-22 12:15:00.000,3905964
2025-Aug-22 12:30:00.000,3906003
2025-Aug-22 12:45:00.000,3906042
2025-Aug-22 13:00:00.000,3906082
2025-Aug-22 13:15:00.000,3906122
2025-Aug-22 13:30:00.000,3906164
2025-Aug-22 13:45:00.000,3906206
2025-Aug-22 14:00:00.000,3906248
2025-Aug-22 14:15:00.000,3906277
2025-Aug-22 14:30:00.000,3906320
2025-Aug-22 14:45:00.000,3906365
2025-Aug-22 15:00:00.000,3906410
2025-Aug-22 15:15:00.000,3906452
2025-Aug-22 15:30:00.000,3906495
2025-Aug-22 15:45:00.000,3906538
2025-Aug-22 16:00:00.000,3906580
2025-Aug-22 16:15:00.000,3906622
2025-Aug-22 16:30:00.000,3906662
2025-Aug-22 16:45:00.000,3906702
2025-Aug-22 17:00:00.000,3906743
2025-Aug-22 17:15:00.000,3906783
2025-Aug-22 17:30:00.000,3906824
2025-Aug-22 17:45:00.000,3906863
2025-Aug-22 18:00:00.000,3906903
2025-Aug-22 18:15:00.000,3906942
2025-Aug-22 18:30:00.000,3906980
2025-Aug-22 18:45:00.000,3907018
2025-Aug-22 19:00:00.000,3907056
2025-Aug-22 19:15:00.000,3907094
2025-Aug-22 19:30:00.000,3907133
2025-Aug-22 19:45:00.000,3907172
2025-Aug-22 20:00:00.000,3907210
2025-Aug-22 20:15:00.000,3907249
2025-Aug-22 20:30:00.000,3907274
2025-Aug-22 20:45:00.000,3907312
2025-Aug-22 21:00:00.000,3907351
2025-Aug-22 21:15:00.000,3907389
2025-Aug-22 21:30:00.000,3907427
2025-Aug-22 21:45:00.000,3907465
2025-Aug-22 22:00:00.000,3907504
2025-Aug-22 22:15:00.000,3907542
2025-Aug-22 22:30:00.000,3907580
2025-Aug-22 22:45:00.000,3907618
2025-Aug-22 23:00:00.000,3907656
2025-Aug-22 23:15:00.000,3907694
2025-Aug-22 23:30:00.000,3907731
2025-Aug-22 23:45:00.000,3907770
2025-Aug-23 00:00:00.000,3907808
2025-Aug-23 00:15:00.000,3907847
2025-Aug-23 00:30:00.000,3907885
2025-Aug-23 00:45:00.000,3907923
2025-Aug-23 01:00:00.000,3907961
2025-Aug-23 01:15:00.000,3907999
2025-Aug-23 01:30:00.000,3908037
2025-Aug-23 01:45:00.000,3908075
2025-Aug-23 02:00:00.000,3908113
2025-Aug-23 02:15:00.000,3908151
2025-Aug-23 02:30:00.000,3908189
2025-Aug-23 02:45:00.000,3908215
2025-Aug-23 03:00:00.000,3908253
2025-Aug-23 03:15:00.000,3908291
2025-Aug-23 03:30:00.000,3908329
2025-Aug-23 03:45:00.000,3908367
2025-Aug-23 04:00:00.000,3908404
2025-Aug-23 04:15:00.000,3908442
2025-Aug-23 04:30:00.000,3908478
2025-Aug-23 04:45:00.000,3908514
2025-Aug-23 05:00:00.000,3908551
2025-Aug-23 05:15:00.000,3908588
2025-Aug-23 05:30:00.000,3908625
2025-Aug-23 05:45:00.000,3908664
2025-Aug-23 06:00:00.000,3908701
2025-Aug-23 06:15:00.000,3908737
2025-Aug-23 06:30:00.000,3908774
2025-Aug-23 06:45:00.000,3908812
2025-Aug-23 07:00:00.000,3908848
2025-Aug-23 07:15:00.000,3908886
2025-Aug-23 07:30:00.000,3908924
2025-Aug-23 07:45:00.000,3908962
2025-Aug-23 08:00:00.000,3909001
2025-Aug-23 08:15:00.000,3909040
2025-Aug-23 08:30:00.000,3909080
2025-Aug-23 08:45:00.000,3909119
2025-Aug-23 09:00:00.000,3909159
2025-Aug-23 09:15:00.000,3909198
2025-Aug-23 09:30:00.000,3909238
2025-Aug-23 09:45:00.000,3909278
2025-Aug-23 10:00:00.000,3909305
2025-Aug-23 10:15:00.000,3909344
2025-Aug-23 10:30:00.000,3909383
2025-Aug-23 10:45:00.000,3909422
2025-Aug-23 11:00:00.000,3909462
2025-Aug-23 11:15:00.000,3909502
2025-Aug-23 11:30:00.000,3909541
2025-Aug-23 11:45:00.000,3909581
2025-Aug-23 12:00:00.000,3909621
2025-Aug-23 12:15:00.000,3909661
2025-Aug-23 12:30:00.000,3909700
2025-Aug-23 12:45:00.000,3909740
2025-Aug-23 13:00:00.000,3909780
2025-Aug-23 13:15:00.000,3909820
2025-Aug-23 13:30:00.000,3909861
2025-Aug-23 13:45:00.000,3909903
2025-Aug-23 14:00:00.000,3909945
2025-Aug-23 14:15:00.000,3909986
2025-Aug-23 14:30:00.000,3910028
2025-Aug-23 14:45:00.000,3910070
2025-Aug-23 15:00:00.000,3910113
2025-Aug-23 15:15:00.000,3910156
2025-Aug-23 15:30:00.000,3910200
2025-Aug-23 15:45:00.000,3910244
2025-Aug-23 16:00:00.000,3910288
2025-Aug-23 16:15:00.000,3910331
2025-Aug-23 16:30:00.000,3910375
2025-Aug-23 16:45:00.000,3910404
2025-Aug-23 17:00:00.000,3910447
2025-Aug-23 17:15:00.000,3910491
2025-Aug-23 17:30:00.000,3910533
2025-Aug-23 17:45:00.000,3910575
2025-Aug-23 18:00:00.000,3910617
2025-Aug-23 18:15:00.000,3910659
2025-Aug-23 18:30:00.000,3910700
2025-Aug-23 18:45:00.000,3910741
2025-Aug-23 19:00:00.000,3910782
2025-Aug-23 19:15:00.000,3910822
2025-Aug-23 19:30:00.000,3910862
2025-Aug-23 19:45:00.000,3910903
2025-Aug-23 20:00:00.000,3910943
2025-Aug-23 20:15:00.000,3910982
2025-Aug-23 20:30:00.000,3911021
2025-Aug-23 20:45:00.000,3911058
2025-Aug-23 21:00:00.000,3911096
2025-Aug-23 21:15:00.000,3911134
2025-Aug-23 21:30:00.000,3911172
2025-Aug-23 21:45:00.000,3911210
2025-Aug-23 22:00:00.000,3911249
2025-Aug-23 22:15:00.000,3911289
2025-Aug-23 22:30:00.000,3911328
2025-Aug-23 22:45:00.000,3911354
2025-Aug-23 23:00:00.000,3911392
2025-Aug-23 23:15:00.000,3911431
2025-Aug-23 23:30:00.000,3911470
2025-Aug-23 23:45:00.000,3911507
2025-Aug-24 00:00:00.000,3911545
2025-Aug-24 00:15:00.000,3911582
2025-Aug-24 00:30:00.000,3911620
2025-Aug-24 00:45:00.000,3911657
2025-Aug-24 01:00:00.000,3911695
2025-Aug-24 01:15:00.000,3911733
2025-Aug-24 01:30:00.000,3911770
2025-Aug-24 01:45:00.000,3911807
2025-Aug-24 02:00:00.000,3911844
2025-Aug-24 02:15:00.000,3911880
2025-Aug-24 02:30:00.000,3911918
2025-Aug-24 02:45:00.000,3911955
2025-Aug-24 03:00:00.000,3911992
2025-Aug-24 03:15:00.000,3912028
2025-Aug-24 03:30:00.000,3912066
2025-Aug-24 03:45:00.000,3912104
2025-Aug-24 04:00:00.000,3912143
2025-Aug-24 04:15:00.000,3912181
2025-Aug-24 04:30:00.000,3912220
2025-Aug-24 04:45:00.000,3912259
2025-Aug-24 05:00:00.000,3912284
2025-Aug-24 05:15:00.000,3912322
2025-Aug-24 05:30:00.000,3912360
2025-Aug-24 05:45:00.000,3912398
2025-Aug-24 06:00:00.000,3912435
2025-Aug-24 06:15:00.000,3912473
2025-Aug-24 06:30:00.000,3912511
2025-Aug-24 06:45:00.000,3912548
2025-Aug-24 07:00:00.000,3912586
2025-Aug-24 07:15:00.000,3912625
2025-Aug-24 07:30:00.000,3912663
2025-Aug-24 07:45:00.000,3912701
2025-Aug-24 08:00:00.000,3912739
2025-Aug-24 08:15:00.000,3912779
2025-Aug-24 08:30:00.000,3912819
2025-Aug-24 08:45:00.000,3912858
2025-Aug-24 09:00:00.000,3912897
2025-Aug-24 09:15:00.000,3912936
2025-Aug-24 09:30:00.000,3912974
2025-Aug-24 09:45:00.000,3913011
2025-Aug-24 10:00:00.000,3913050
2025-Aug-24 10:15:00.000,3913087
2025-Aug-24 10:30:00.000,3913126
2025-Aug-24 10:45:00.000,3913163
2025-Aug-24 11:00:00.000,3913201
2025-Aug-24 11:15:00.000,3913227
2025-Aug-24 11:30:00.000,3913264
2025-Aug-24 11:45:00.000,3913300
2025-Aug-24 12:00:00.000,3913337
2025-Aug-24 12:15:00.000,3913373
2025-Aug-24 12:30:00.000,3913408
2025-Aug-24 12:45:00.000,3913442
2025-Aug-24 13:00:00.000,3913475
2025-Aug-24 13:15:00.000,3913511
2025-Aug-24 13:30:00.000,3913549
2025-Aug-24 13:45:00.000,3913586
2025-Aug-24 14:00:00.000,3913622
2025-Aug-24 14:15:00.000,3913657
2025-Aug-24 14:30:00.000,3913692
2025-Aug-24 14:45:00.000,3913729
2025-Aug-24 15:00:00.000,3913765
2025-Aug-24 15:15:00.000,3913801
2025-Aug-24 15:30:00.000,3913838
2025-Aug-24 15:45:00.000,3913875
2025-Aug-24 16:00:00.000,3913913
2025-Aug-24 16:15:00.000,3913953
2025-Aug-24 16:30:00.000,3913991
2025-Aug-24 16:45:00.000,3914030
2025-Aug-24 17:00:00.000,3914069
2025-Aug-24 17:15:00.000,3914108
2025-Aug-24 17:30:00.000,3914147
2025-Aug-24 17:45:00.000,3914186
2025-Aug-24 18:00:00.000,3914225
2025-Aug-24 18:15:00.000,3914265
2025-Aug-24 18:30:00.000,3914303
2025-Aug-24 18:45:00.000,3914342
2025-Aug-24 19:00:00.000,3914380
2025-Aug-24 19:15:00.000,3914418
2025-Aug-24 19:30:00.000,3914456
2025-Aug-24 19:45:00.000,3914494
2025-Aug-24 20:00:00.000,3914533
2025-Aug-24 20:15:00.000,3914572
2025-Aug-24 20:30:00.000,3914610
2025-Aug-24 20:45:00.000,3914636
2025-Aug-24 21:00:00.000,3914675
2025-Aug-24 21:15:00.000,3914714
2025-Aug-24 21:30:00.000,3914753
2025-Aug-24 21:45:00.000,3914791
2025-Aug-24 22:00:00.000,3914828
2025-Aug-24 22:15:00.000,3914865
2025-Aug-24 22:30:00.000,3914902
2025-Aug-24 22:45:00.000,3914939
2025-Aug-24 23:00:00.000,3914978
2025-Aug-24 23:15:00.000,3915016
2025-Aug-24 23:30:00.000,3915054
2025-Aug-24 23:45:00.000,3915093
2025-Aug-25 00:00:00.000,3915131
2025-Aug-25 00:15:00.000,3915169
2025-Aug-25 00:30:00.000,3915207
2025-Aug-25 00:45:00.000,3915245
2025-Aug-25 01:00:00.000,3915283
2025-Aug-25 01:15:00.000,3915320
2025-Aug-25 01:30:00.000,3915359
2025-Aug-25 01:45:00.000,3915397
2025-Aug-25 02:00:00.000,3915434
2025-Aug-25 02:15:00.000,3915472
2025-Aug-25 02:30:00.000,3915510
2025-Aug-25 02:45:00.000,3915546
2025-Aug-25 03:00:00.000,3915583
2025-Aug-25 03:15:00.000,3915619
2025-Aug-25 03:30:00.000,3915655
2025-Aug-25 03:45:00.000,3915691
2025-Aug-25 04:00:00.000,3915715
2025-Aug-25 04:15:00.000,3915751
2025-Aug-25 04:30:00.000,3915786
2025-Aug-25 04:45:00.000,3915822
2025-Aug-25 05:00:00.000,3915857
2025-Aug-25 05:15:00.000,3915892
2025-Aug-25 05:30:00.000,3915928
2025-Aug-25 05:45:00.000,3915963
2025-Aug-25 06:00:00.000,3915997
2025-Aug-25 06:15:00.000,3916033
2025-Aug-25 06:30:00.000,3916069
2025-Aug-25 06:45:00.000,3916104
2025-Aug-25 07:00:00.000,3916140
2025-Aug-25 07:15:00.000,3916177
2025-Aug-25 07:30:00.000,3916213
2025-Aug-25 07:45:00.000,3916251
2025-Aug-25 08:00:00.000,3916290
2025-Aug-25 08:15:00.000,3916328
2025-Aug-25 08:30:00.000,3916368
2025-Aug-25 08:45:00.000,3916409
2025-Aug-25 09:00:00.000,3916450
2025-Aug-25 09:15:00.000,3916491
2025-Aug-25 09:30:00.000,3916534
2025-Aug-25 09:45:00.000,3916577
2025-Aug-25 10:00:00.000,3916620
2025-Aug-25 10:15:00.000,3916663
2025-Aug-25 10:30:00.000,3916707
2025-Aug-25 10:45:00.000,3916750
2025-Aug-25 11:00:00.000,3916793
2025-Aug-25 11:15:00.000,3916837
2025-Aug-25 11:30:00.000,3916880
2025-Aug-25 11:45:00.000,3916923
2025-Aug-25 12:00:00.000,3916952
2025-Aug-25 12:15:00.000,3916995
2025-Aug-25 12:30:00.000,3917039
2025-Aug-25 12:45:00.000,3917083
2025-Aug-25 13:00:00.000,3917127
2025-Aug-25 13:15:00.000,3917171
2025-Aug-25 13:30:00.000,3917216
2025-Aug-25 13:45:00.000,3917261
2025-Aug-25 14:00:00.000,3917305
2025-Aug-25 14:15:00.000,3917349
2025-Aug-25 14:30:00.000,3917394
2025-Aug-25 14:45:00.000,3917437
2025-Aug-25 15:00:00.000,3917481
2025-Aug-25 15:15:00.000,3917525
2025-Aug-25 15:30:00.000,3917568
2025-Aug-25 15:45:00.000,3917610
2025-Aug-25 16:00:00.000,3917654
2025-Aug-25 16:15:00.000,3917697
2025-Aug-25 16:30:00.000,3917739
2025-Aug-25 16:45:00.000,3917781
2025-Aug-25 17:00:00.000,3917825
2025-Aug-25 17:15:00.000,3917867
2025-Aug-25 17:30:00.000,3917909
2025-Aug-25 17:45:00.000,3917952
2025-Aug-25 18:00:00.000,3917996
2025-Aug-25 18:15:00.000,3918039
2025-Aug-25 18:30:00.000,3918080
2025-Aug-25 18:45:00.000,3918121
2025-Aug-25 19:00:00.000,3918163
2025-Aug-25 19:15:00.000,3918206
2025-Aug-25 19:30:00.000,3918249
2025-Aug-25 19:45:00.000,3918292
2025-Aug-25 20:00:00.000,3918335
2025-Aug-25 20:15:00.000,3918378
2025-Aug-25 20:30:00.000,3918422
2025-Aug-25 20:45:00.000,3918465
2025-Aug-25 21:00:00.000,3918508
2025-Aug-25 21:15:00.000,3918537
2025-Aug-25 21:30:00.000,3918581
2025-Aug-25 21:45:00.000,3918625
2025-Aug-25 22:00:00.000,3918668
2025-Aug-25 22:15:00.000,3918712
2025-Aug-25 22:30:00.000,3918756
2025-Aug-25 22:45:00.000,3918800
2025-Aug-25 23:00:00.000,3918845
2025-Aug-25 23:15:00.000,3918888
2025-Aug-25 23:30:00.000,3918930
2025-Aug-25 23:45:00.000,3918971
2025-Aug-26 00:00:00.000,3919013
2025-Aug-26 00:15:00.000,3919056
2025-Aug-26 00:30:00.000,3919099
2025-Aug-26 00:45:00.000,3919140
2025-Aug-26 01:00:00.000,3919181
2025-Aug-26 01:15:00.000,3919221
2025-Aug-26 01:30:00.000,3919260
2025-Aug-26 01:45:00.000,3919299
2025-Aug-26 02:00:00.000,3919338
2025-Aug-26 02:15:00.000,3919377
2025-Aug-26 02:30:00.000,3919415
2025-Aug-26 02:45:00.000,3919453
2025-Aug-26 03:00:00.000,3919492
2025-Aug-26 03:15:00.000,3919530
2025-Aug-26 03:30:00.000,3919569
2025-Aug-26 03:45:00.000,3919607
2025-Aug-26 04:00:00.000,3919646
2025-Aug-26 04:15:00.000,3919685
2025-Aug-26 04:30:00.000,3919724
2025-Aug-26 04:45:00.000,3919762
2025-Aug-26 05:00:00.000,3919799
2025-Aug-26 05:15:00.000,3919836
2025-Aug-26 05:30:00.000,3919873
2025-Aug-26 05:45:00.000,3919909
2025-Aug-26 06:00:00.000,3919945
2025-Aug-26 06:15:00.000,3919981
2025-Aug-26 06:30:00.000,3920017
2025-Aug-26 06:45:00.000,3920054
2025-Aug-26 07:00:00.000,3920090
2025-Aug-26 07:15:00.000,3920127
2025-Aug-26 07:30:00.000,3920164
2025-Aug-26 07:45:00.000,3920201
2025-Aug-26 08:00:00.000,3920239
2025-Aug-26 08:15:00.000,3920277
2025-Aug-26 08:30:00.000,3920316
2025-Aug-26 08:45:00.000,3920341
2025-Aug-26 09:00:00.000,3920380
2025-Aug-26 09:15:00.000,3920418
2025-Aug-26 09:30:00.000,3920456
2025-Aug-26 09:45:00.000,3920494
2025-Aug-26 10:00:00.000,3920532
2025-Aug-26 10:15:00.000,3920570
2025-Aug-26 10:30:00.000,3920608
2025-Aug-26 10:45:00.000,3920646
2025-Aug-26 11:00:00.000,3920685
2025-Aug-26 11:15:00.000,3920724
2025-Aug-26 11:30:00.000,3920765
2025-Aug-26 11:45:00.000,3920805
2025-Aug-26 12:00:00.000,3920847
2025-Aug-26 12:15:00.000,3920889
2025-Aug-26 12:30:00.000,3920931
2025-Aug-26 12:45:00.000,3920973
2025-Aug-26 13:00:00.000,3921016
2025-Aug-26 13:15:00.000,3921058
2025-Aug-26 13:30:00.000,3921099
2025-Aug-26 13:45:00.000,3921139
2025-Aug-26 14:00:00.000,3921177
2025-Aug-26 14:15:00.000,3921217
2025-Aug-26 14:30:00.000,3921256
2025-Aug-26 14:45:00.000,3921294
2025-Aug-26 15:00:00.000,3921333
2025-Aug-26 15:15:00.000,3921370
2025-Aug-26 15:30:00.000,3921407
2025-Aug-26 15:45:00.000,3921444
2025-Aug-26 16:00:00.000,3921482
2025-Aug-26 16:15:00.000,3921519
2025-Aug-26 16:30:00.000,3921555
2025-Aug-26 16:45:00.000,3921590
2025-Aug-26 17:00:00.000,3921614
2025-Aug-26 17:15:00.000,3921649
2025-Aug-26 17:30:00.000,3921685
2025-Aug-26 17:45:00.000,3921720
2025-Aug-26 18:00:00.000,3921754
2025-Aug-26 18:15:00.000,3921789
2025-Aug-26 18:30:00.000,3921823
2025-Aug-26 18:45:00.000,3921858
2025-Aug-26 19:00:00.000,3921892
2025-Aug-26 19:15:00.000,3921927
2025-Aug-26 19:30:00.000,3921962
2025-Aug-26 19:45:00.000,3921995
2025-Aug-26 20:00:00.000,3922030
2025-Aug-26 20:15:00.000,3922063
2025-Aug-26 20:30:00.000,3922097
2025-Aug-26 20:45:00.000,3922131
2025-Aug-26 21:00:00.000,3922166
2025-Aug-26 21:15:00.000,3922199
2025-Aug-26 21:30:00.000,3922231
2025-Aug-26 21:45:00.000,3922264
2025-Aug-26 22:00:00.000,3922295
2025-Aug-26 22:15:00.000,3922329
2025-Aug-26 22:30:00.000,3922360
2025-Aug-26 22:45:00.000,3922392
2025-Aug-26 23:00:00.000,3922425
2025-Aug-26 23:15:00.000,3922456
2025-Aug-26 23:30:00.000,3922487
2025-Aug-26 23:45:00.000,3922519
2025-Aug-27 00:00:00.000,3922551
2025-Aug-27 00:15:00.000,3922582
2025-Aug-27 00:30:00.000,3922614
2025-Aug-27 00:45:00.000,3922645
2025-Aug-27 01:00:00.000,3922677
2025-Aug-27 01:15:00.000,3922708
2025-Aug-27 01:30:00.000,3922740
2025-Aug-27 01:45:00.000,3922761
2025-Aug-27 02:00:00.000,3922793
2025-Aug-27 02:15:00.000,3922824
2025-Aug-27 02:30:00.000,3922856
2025-Aug-27 02:45:00.000,3922886
2025-Aug-27 03:00:00.000,3922916
2025-Aug-27 03:15:00.000,3922948
2025-Aug-27 03:30:00.000,3922979
2025-Aug-27 03:45:00.000,3923009
2025-Aug-27 04:00:00.000,3923039
2025-Aug-27 04:15:00.000,3923070
2025-Aug-27 04:30:00.000,3923100
2025-Aug-27 04:45:00.000,3923130
2025-Aug-27 05:00:00.000,3923161
2025-Aug-27 05:15:00.000,3923191
2025-Aug-27 05:30:00.000,3923221
2025-Aug-27 05:45:00.000,3923251
2025-Aug-27 06:00:00.000,3923281
2025-Aug-27 06:15:00.000,3923312
2025-Aug-27 06:30:00.000,3923343
2025-Aug-27 06:45:00.000,3923374
2025-Aug-27 07:00:00.000,3923405
2025-Aug-27 07:15:00.000,3923437
2025-Aug-27 07:30:00.000,3923468
2025-Aug-27 07:45:00.000,3923501
2025-Aug-27 08:00:00.000,3923533
2025-Aug-27 08:15:00.000,3923566
2025-Aug-27 08:30:00.000,3923600
2025-Aug-27 08:45:00.000,3923634
2025-Aug-27 09:00:00.000,3923668
2025-Aug-27 09:15:00.000,3923701
2025-Aug-27 09:30:00.000,3923735
2025-Aug-27 09:45:00.000,3923768
2025-Aug-27 10:00:00.000,3923802
2025-Aug-27 10:15:00.000,3923825
2025-Aug-27 10:30:00.000,3923858
2025-Aug-27 10:45:00.000,3923892
2025-Aug-27 11:00:00.000,3923927
2025-Aug-27 11:15:00.000,3923960
2025-Aug-27 11:30:00.000,3923993
2025-Aug-27 11:45:00.000,3924025
2025-Aug-27 12:00:00.000,3924057
2025-Aug-27 12:15:00.000,3924087
2025-Aug-27 12:30:00.000,3924118
2025-Aug-27 12:45:00.000,3924150
2025-Aug-27 13:00:00.000,3924180
2025-Aug-27 13:15:00.000,3924211
2025-Aug-27 13:30:00.000,3924241
2025-Aug-27 13:45:00.000,3924270
2025-Aug-27 14:00:00.000,3924300
2025-Aug-27 14:15:00.000,3924328
2025-Aug-27 14:30:00.000,3924355
2025-Aug-27 14:45:00.000,3924382
2025-Aug-27 15:00:00.000,3924410
2025-Aug-27 15:15:00.000,3924436
2025-Aug-27 15:30:00.000,3924462
2025-Aug-27 15:45:00.000,3924486
2025-Aug-27 16:00:00.000,3924510
2025-Aug-27 16:15:00.000,3924539
2025-Aug-27 16:30:00.000,3924569
2025-Aug-27 16:45:00.000,3924601
2025-Aug-27 17:00:00.000,3924633
2025-Aug-27 17:15:00.000,3924663
2025-Aug-27 17:30:00.000,3924694
2025-Aug-27 17:45:00.000,3924724
2025-Aug-27 18:00:00.000,3924755
2025-Aug-27 18:15:00.000,3924784
2025-Aug-27 18:30:00.000,3924813
2025-Aug-27 18:45:00.000,3924842
2025-Aug-27 19:00:00.000,3924872
2025-Aug-27 19:15:00.000,3924891
2025-Aug-27 19:30:00.000,3924918
2025-Aug-27 19:45:00.000,3924945
2025-Aug-27 20:00:00.000,3924972
2025-Aug-27 20:15:00.000,3924998
2025-Aug-27 20:30:00.000,3925025
2025-Aug-27 20:45:00.000,3925051
2025-Aug-27 21:00:00.000,3925078
2025-Aug-27 21:15:00.000,3925105
2025-Aug-27 21:30:00.000,3925132
2025-Aug-27 21:45:00.000,3925159
2025-Aug-27 22:00:00.000,3925186
2025-Aug-27 22:15:00.000,3925213
2025-Aug-27 22:30:00.000,3925240
2025-Aug-27 22:45:00.000,3925268
2025-Aug-27 23:00:00.000,3925296
2025-Aug-27 23:15:00.000,3925323
2025-Aug-27 23:30:00.000,3925350
2025-Aug-27 23:45:00.000,3925377
2025-Aug-28 00:00:00.000,3925404
2025-Aug-28 00:15:00.000,3925431
2025-Aug-28 00:30:00.000,3925458
2025-Aug-28 00:45:00.000,3925484
2025-Aug-28 01:00:00.000,3925511
2025-Aug-28 01:15:00.000,3925537
2025-Aug-28 01:30:00.000,3925564
2025-Aug-28 01:45:00.000,3925591
2025-Aug-28 02:00:00.000,3925618
2025-Aug-28 02:15:00.000,3925645
2025-Aug-28 02:30:00.000,3925671
2025-Aug-28 02:45:00.000,3925698
2025-Aug-28 03:00:00.000,3925726
2025-Aug-28 03:15:00.000,3925754
2025-Aug-28 03:30:00.000,3925781
2025-Aug-28 03:45:00.000,3925808
2025-Aug-28 04:00:00.000,3925827
2025-Aug-28 04:15:00.000,3925855
2025-Aug-28 04:30:00.000,3925883
2025-Aug-28 04:45:00.000,3925911
2025-Aug-28 05:00:00.000,3925939
2025-Aug-28 05:15:00.000,3925966
2025-Aug-28 05:30:00.000,3925994
2025-Aug-28 05:45:00.000,3926022
2025-Aug-28 06:00:00.000,3926050
2025-Aug-28 06:15:00.000,3926077
2025-Aug-28 06:30:00.000,3926106
2025-Aug-28 06:45:00.000,3926134
2025-Aug-28 07:00:00.000,3926163
2025-Aug-28 07:15:00.000,3926191
2025-Aug-28 07:30:00.000,3926221
2025-Aug-28 07:45:00.000,3926250
2025-Aug-28 08:00:00.000,3926280
2025-Aug-28 08:15:00.000,3926312
2025-Aug-28 08:30:00.000,3926343
2025-Aug-28 08:45:00.000,3926374
2025-Aug-28 09:00:00.000,3926407
2025-Aug-28 09:15:00.000,3926439
2025-Aug-28 09:30:00.000,3926472
2025-Aug-28 09:45:00.000,3926506
2025-Aug-28 10:00:00.000,3926541
2025-Aug-28 10:15:00.000,3926576
2025-Aug-28 10:30:00.000,3926610
2025-Aug-28 10:45:00.000,3926645
2025-Aug-28 11:00:00.000,3926680
2025-Aug-28 11:15:00.000,3926714
2025-Aug-28 11:30:00.000,3926749
2025-Aug-28 11:45:00.000,3926785
2025-Aug-28 12:00:00.000,3926823
2025-Aug-28 12:15:00.000,3926859
2025-Aug-28 12:30:00.000,3926895
2025-Aug-28 12:45:00.000,3926931
2025-Aug-28 13:00:00.000,3926968
2025-Aug-28 13:15:00.000,3927003
2025-Aug-28 13:30:00.000,3927039
2025-Aug-28 13:45:00.000,3927075
2025-Aug-28 14:00:00.000,3927112
2025-Aug-28 14:15:00.000,3927137
2025-Aug-28 14:30:00.000,3927175
2025-Aug-28 14:45:00.000,3927213
2025-Aug-28 15:00:00.000,3927250
2025-Aug-28 15:15:00.000,3927289
2025-Aug-28 15:30:00.000,3927329
2025-Aug-28 15:45:00.000,3927370
2025-Aug-28 16:00:00.000,3927411
2025-Aug-28 16:15:00.000,3927454
2025-Aug-28 16:30:00.000,3927496
2025-Aug-28 16:45:00.000,3927538
2025-Aug-28 17:00:00.000,3927579
2025-Aug-28 17:15:00.000,3927619
2025-Aug-28 17:30:00.000,3927660
2025-Aug-28 17:45:00.000,3927699
2025-Aug-28 18:00:00.000,3927739
2025-Aug-28 18:15:00.000,3927777
2025-Aug-28 18:30:00.000,3927815
2025-Aug-28 18:45:00.000,3927854
2025-Aug-28 19:00:00.000,3927892
2025-Aug-28 19:15:00.000,3927930
2025-Aug-28 19:30:00.000,3927969
2025-Aug-28 19:45:00.000,3928006
2025-Aug-28 20:00:00.000,3928042
2025-Aug-28 20:15:00.000,3928078
2025-Aug-28 20:30:00.000,3928114
2025-Aug-28 20:45:00.000,3928152
2025-Aug-28 21:00:00.000,3928189
2025-Aug-28 21:15:00.000,3928227
2025-Aug-28 21:30:00.000,3928265
2025-Aug-28 21:45:00.000,3928303
2025-Aug-28 22:00:00.000,3928341
2025-Aug-28 22:15:00.000,3928380
2025-Aug-28 22:30:00.000,3928418
2025-Aug-28 22:45:00.000,3928456
2025-Aug-28 23:00:00.000,3928495
2025-Aug-28 23:15:00.000,3928534
2025-Aug-28 23:30:00.000,3928571
2025-Aug-28 23:45:00.000,3928610
2025-Aug-29 00:00:00.000,3928636
2025-Aug-29 00:15:00.000,3928675
2025-Aug-29 00:30:00.000,3928712
2025-Aug-29 00:45:00.000,3928750
2025-Aug-29 01:00:00.000,3928788
2025-Aug-29 01:15:00.000,3928826
2025-Aug-29 01:30:00.000,3928864
2025-Aug-29 01:45:00.000,3928903
2025-Aug-29 02:00:00.000,3928940
2025-Aug-29 02:15:00.000,3928978
2025-Aug-29 02:30:00.000,3929016
2025-Aug-29 02:45:00.000,3929053
2025-Aug-29 03:00:00.000,3929091
2025-Aug-29 03:15:00.000,3929127
2025-Aug-29 03:30:00.000,3929165
2025-Aug-29 03:45:00.000,3929203
2025-Aug-29 04:00:00.000,3929241
2025-Aug-29 04:15:00.000,3929278
2025-Aug-29 04:30:00.000,3929315
2025-Aug-29 04:45:00.000,3929353
2025-Aug-29 05:00:00.000,3929391
2025-Aug-29 05:15:00.000,3929429
2025-Aug-29 05:30:00.000,3929467
2025-Aug-29 05:45:00.000,3929504
2025-Aug-29 06:00:00.000,3929542
2025-Aug-29 06:15:00.000,3929580
2025-Aug-29 06:30:00.000,3929618
2025-Aug-29 06:45:00.000,3929656
2025-Aug-29 07:00:00.000,3929694
2025-Aug-29 07:15:00.000,3929732
2025-Aug-29 07:30:00.000,3929772
2025-Aug-29 07:45:00.000,3929811
2025-Aug-29 08:00:00.000,3929851
2025-Aug-29 08:15:00.000,3929892
2025-Aug-29 08:30:00.000,3929935
2025-Aug-29 08:45:00.000,3929976
2025-Aug-29 09:00:00.000,3930019
2025-Aug-29 09:15:00.000,3930062
2025-Aug-29 09:30:00.000,3930105
2025-Aug-29 09:45:00.000,3930149
2025-Aug-29 10:00:00.000,3930193
2025-Aug-29 10:15:00.000,3930236
2025-Aug-29 10:30:00.000,3930265
2025-Aug-29 10:45:00.000,3930308
2025-Aug-29 11:00:00.000,3930352
2025-Aug-29 11:15:00.000,3930396
2025-Aug-29 11:30:00.000,3930439
2025-Aug-29 11:45:00.000,3930484
2025-Aug-29 12:00:00.000,3930527
2025-Aug-29 12:15:00.000,3930570
2025-Aug-29 12:30:00.000,3930614
2025-Aug-29 12:45:00.000,3930658
2025-Aug-29 13:00:00.000,3930701
2025-Aug-29 13:15:00.000,3930745
2025-Aug-29 13:30:00.000,3930791
2025-Aug-29 13:45:00.000,3930839
2025-Aug-29 14:00:00.000,3930884
2025-Aug-29 14:15:00.000,3930930
2025-Aug-29 14:30:00.000,3930977
2025-Aug-29 14:45:00.000,3931024
2025-Aug-29 15:00:00.000,3931071
2025-Aug-29 15:15:00.000,3931116
2025-Aug-29 15:30:00.000,3931161
2025-Aug-29 15:45:00.000,3931206
2025-Aug-29 16:00:00.000,3931252
2025-Aug-29 16:15:00.000,3931295
2025-Aug-29 16:30:00.000,3931338
2025-Aug-29 16:45:00.000,3931382
2025-Aug-29 17:00:00.000,3931426
2025-Aug-29 17:15:00.000,3931470
2025-Aug-29 17:30:00.000,3931512
2025-Aug-29 17:45:00.000,3931556
2025-Aug-29 18:00:00.000,3931599
2025-Aug-29 18:15:00.000,3931642
2025-Aug-29 18:30:00.000,3931685
2025-Aug-29 18:45:00.000,3931728
2025-Aug-29 19:00:00.000,3931771
2025-Aug-29 19:15:00.000,3931814
2025-Aug-29 19:30:00.000,3931857
2025-Aug-29 19:45:00.000,3931899
2025-Aug-29 20:00:00.000,3931941
2025-Aug-29 20:15:00.000,3931982
2025-Aug-29 20:30:00.000,3932024
2025-Aug-29 20:45:00.000,3932066
2025-Aug-29 21:00:00.000,3932108
2025-Aug-29 21:15:00.000,3932151
2025-Aug-29 21:30:00.000,3932193
2025-Aug-29 21:45:00.000,3932236
2025-Aug-29 22:00:00.000,3932277
2025-Aug-29 22:15:00.000,3932305
2025-Aug-29 22:30:00.000,3932346
2025-Aug-29 22:45:00.000,3932388
2025-Aug-29 23:00:00.000,3932429
2025-Aug-29 23:15:00.000,3932470
2025-Aug-29 23:30:00.000,3932510
2025-Aug-29 23:45:00.000,3932551
2025-Aug-30 00:00:00.000,3932592
2025-Aug-30 00:15:00.000,3932634
2025-Aug-30 00:30:00.000,3932676
2025-Aug-30 00:45:00.000,3932717
2025-Aug-30 01:00:00.000,3932758
2025-Aug-30 01:15:00.000,3932798
2025-Aug-30 01:30:00.000,3932839
2025-Aug-30 01:45:00.000,3932879
2025-Aug-30 02:00:00.000,3932920
2025-Aug-30 02:15:00.000,3932960
2025-Aug-30 02:30:00.000,3933000
2025-Aug-30 02:45:00.000,3933040
2025-Aug-30 03:00:00.000,3933080
2025-Aug-30 03:15:00.000,3933121
2025-Aug-30 03:30:00.000,3933161
2025-Aug-30 03:45:00.000,3933202
2025-Aug-30 04:00:00.000,3933241
2025-Aug-30 04:15:00.000,3933281
2025-Aug-30 04:30:00.000,3933320
2025-Aug-30 04:45:00.000,3933360
2025-Aug-30 05:00:00.000,3933400
2025-Aug-30 05:15:00.000,3933439
2025-Aug-30 05:30:00.000,3933478
2025-Aug-30 05:45:00.000,3933518
2025-Aug-30 06:00:00.000,3933557
2025-Aug-30 06:15:00.000,3933596
2025-Aug-30 06:30:00.000,3933636
2025-Aug-30 06:45:00.000,3933675
2025-Aug-30 07:00:00.000,3933715
2025-Aug-30 07:15:00.000,3933754
2025-Aug-30 07:30:00.000,3933794
2025-Aug-30 07:45:00.000,3933834
2025-Aug-30 08:00:00.000,3933874
2025-Aug-30 08:15:00.000,3933915
2025-Aug-30 08:30:00.000,3933956
2025-Aug-30 08:45:00.000,3933997
2025-Aug-30 09:00:00.000,3934038
2025-Aug-30 09:15:00.000,3934079
2025-Aug-30 09:30:00.000,3934120
2025-Aug-30 09:45:00.000,3934148
2025-Aug-30 10:00:00.000,3934189
2025-Aug-30 10:15:00.000,3934230
2025-Aug-30 10:30:00.000,3934270
2025-Aug-30 10:45:00.000,3934311
2025-Aug-30 11:00:00.000,3934352
2025-Aug-30 11:15:00.000,3934391
2025-Aug-30 11:30:00.000,3934431
2025-Aug-30 11:45:00.000,3934472
2025-Aug-30 12:00:00.000,3934511
2025-Aug-30 12:15:00.000,3934552
2025-Aug-30 12:30:00.000,3934593
2025-Aug-30 12:45:00.000,3934634
2025-Aug-30 13:00:00.000,3934675
2025-Aug-30 13:15:00.000,3934716
2025-Aug-30 13:30:00.000,3934758
2025-Aug-30 13:45:00.000,3934798
2025-Aug-30 14:00:00.000,3934839
2025-Aug-30 14:15:00.000,3934879
2025-Aug-30 14:30:00.000,3934919
2025-Aug-30 14:45:00.000,3934959
2025-Aug-30 15:00:00.000,3935000
2025-Aug-30 15:15:00.000,3935041
2025-Aug-30 15:30:00.000,3935082
2025-Aug-30 15:45:00.000,3935124
2025-Aug-30 16:00:00.000,3935167
2025-Aug-30 16:15:00.000,3935208
2025-Aug-30 16:30:00.000,3935249
2025-Aug-30 16:45:00.000,3935290
2025-Aug-30 17:00:00.000,3935331
2025-Aug-30 17:15:00.000,3935369
2025-Aug-30 17:30:00.000,3935407
2025-Aug-30 17:45:00.000,3935444
2025-Aug-30 18:00:00.000,3935481
2025-Aug-30 18:15:00.000,3935518
2025-Aug-30 18:30:00.000,3935555
2025-Aug-30 18:45:00.000,3935590
2025-Aug-30 19:00:00.000,3935625
2025-Aug-30 19:15:00.000,3935660
2025-Aug-30 19:30:00.000,3935694
2025-Aug-30 19:45:00.000,3935730
2025-Aug-30 20:00:00.000,3935765
2025-Aug-30 20:15:00.000,3935801
2025-Aug-30 20:30:00.000,3935837
2025-Aug-30 20:45:00.000,3935861
2025-Aug-30 21:00:00.000,3935896
2025-Aug-30 21:15:00.000,3935931
2025-Aug-30 21:30:00.000,3935967
2025-Aug-30 21:45:00.000,3936003
2025-Aug-30 22:00:00.000,3936039
2025-Aug-30 22:15:00.000,3936075
2025-Aug-30 22:30:00.000,3936111
2025-Aug-30 22:45:00.000,3936146
2025-Aug-30 23:00:00.000,3936182
2025-Aug-30 23:15:00.000,3936217
2025-Aug-30 23:30:00.000,3936252
2025-Aug-30 23:45:00.000,3936287
2025-Aug-31 00:00:00.000,3936322
2025-Aug-31 00:15:00.000,3936358
2025-Aug-31 00:30:00.000,3936393
2025-Aug-31 00:45:00.000,3936429
2025-Aug-31 01:00:00.000,3936463
2025-Aug-31 01:15:00.000,3936497
2025-Aug-31 01:30:00.000,3936531
2025-Aug-31 01:45:00.000,3936564
2025-Aug-31 02:00:00.000,3936598
2025-Aug-31 02:15:00.000,3936632
2025-Aug-31 02:30:00.000,3936665
2025-Aug-31 02:45:00.000,3936699
2025-Aug-31 03:00:00.000,3936733
2025-Aug-31 03:15:00.000,3936767
2025-Aug-31 03:30:00.000,3936801
2025-Aug-31 03:45:00.000,3936835
2025-Aug-31 04:00:00.000,3936870
2025-Aug-31 04:15:00.000,3936904
2025-Aug-31 04:30:00.000,3936937
2025-Aug-31 04:45:00.000,3936971
2025-Aug-31 05:00:00.000,3937005
2025-Aug-31 05:15:00.000,3937039
2025-Aug-31 05:30:00.000,3937073
2025-Aug-31 05:45:00.000,3937107
2025-Aug-31 06:00:00.000,3937140
2025-Aug-31 06:15:00.000,3937174
2025-Aug-31 06:30:00.000,3937207
2025-Aug-31 06:45:00.000,3937240
2025-Aug-31 07:00:00.000,3937273
2025-Aug-31 07:15:00.000,3937306
2025-Aug-31 07:30:00.000,3937339
2025-Aug-31 07:45:00.000,3937374
2025-Aug-31 08:00:00.000,3937408
2025-Aug-31 08:15:00.000,3937442
2025-Aug-31 08:30:00.000,3937477
2025-Aug-31 08:45:00.000,3937512
2025-Aug-31 09:00:00.000,3937536
2025-Aug-31 09:15:00.000,3937573
2025-Aug-31 09:30:00.000,3937609
2025-Aug-31 09:45:00.000,3937645
2025-Aug-31 10:00:00.000,3937682
2025-Aug-31 10:15:00.000,3937719
2025-Aug-31 10:30:00.000,3937756
2025-Aug-31 10:45:00.000,3937793
2025-Aug-31 11:00:00.000,3937830
2025-Aug-31 11:15:00.000,3937867
2025-Aug-31 11:30:00.000,3937905
2025-Aug-31 11:45:00.000,3937942
2025-Aug-31 12:00:00.000,3937979
2025-Aug-31 12:15:00.000,3938016
2025-Aug-31 12:30:00.000,3938053
2025-Aug-31 12:45:00.000,3938091
2025-Aug-31 13:00:00.000,3938127
2025-Aug-31 13:15:00.000,3938163
2025-Aug-31 13:30:00.000,3938200
2025-Aug-31 13:45:00.000,3938237
2025-Aug-31 14:00:00.000,3938274
2025-Aug-31 14:15:00.000,3938312
2025-Aug-31 14:30:00.000,3938349
2025-Aug-31 14:45:00.000,3938388
2025-Aug-31 15:00:00.000,3938429
2025-Aug-31 15:15:00.000,3938469
2025-Aug-31 15:30:00.000,3938509
2025-Aug-31 15:45:00.000,3938547
2025-Aug-31 16:00:00.000,3938586
2025-Aug-31 16:15:00.000,3938624
2025-Aug-31 16:30:00.000,3938661
2025-Aug-31 16:45:00.000,3938698
2025-Aug-31 17:00:00.000,3938735
2025-Aug-31 17:15:00.000,3938773
2025-Aug-31 17:30:00.000,3938810
2025-Aug-31 17:45:00.000,3938848
2025-Aug-31 18:00:00.000,3938885
2025-Aug-31 18:15:00.000,3938923
2025-Aug-31 18:30:00.000,3938960
2025-Aug-31 18:45:00.000,3938997
2025-Aug-31 19:00:00.000,3939033
2025-Aug-31 19:15:00.000,3939070
2025-Aug-31 19:30:00.000,3939105
2025-Aug-31 19:45:00.000,3939140
2025-Aug-31 20:00:00.000,3939176
2025-Aug-31 20:15:00.000,3939211
2025-Aug-31 20:30:00.000,3939247
2025-Aug-31 20:45:00.000,3939282
2025-Aug-31 21:00:00.000,3939305
2025-Aug-31 21:15:00.000,3939340
2025-Aug-31 21:30:00.000,3939374
2025-Aug-31 21:45:00.000,3939407
2025-Aug-31 22:00:00.000,3939439
2025-Aug-31 22:15:00.000,3939471
2025-Aug-31 22:30:00.000,3939504
2025-Aug-31 22:45:00.000,3939536
2025-Aug-31 23:00:00.000,3939569
2025-Aug-31 23:15:00.000,3939601
2025-Aug-31 23:30:00.000,3939633
2025-Aug-31 23:45:00.000,3939666